Country Name,Country Code,Series Name,Series Code,2003 [YR2003],2004 [YR2004],2005 [YR2005],2006 [YR2006],2007 [YR2007],2008 [YR2008],2009 [YR2009],2010 [YR2010],2011 [YR2011],2012 [YR2012],2013 [YR2013],2014 [YR2014],2015 [YR2015],2016 [YR2016],2017 [YR2017],2018 [YR2018],2019 [YR2019],2020 [YR2020],2021 [YR2021],2022 [YR2022]
Afghanistan,AFG,GDP (current US$),NY.GDP.MKTP.CD,4520946849.32079,5224896718.67782,6203256497.09044,6971758332.88917,9747886104.53251,10109296957.6569,12416152648.0573,15856668496.388,17805098367.2952,19907329905.9776,20146416876.3886,20497128600.3363,19134221744.5294,18116572399.1298,18753456506.5708,18053222734.8881,18799444414.5998,19955929060.841,14266499429.8746,..
Albania,ALB,GDP (current US$),NY.GDP.MKTP.CD,5611496257.14231,7184685781.51876,8052077248.14638,8896075004.63516,10677324852.8822,12881352893.6855,12044205549.6571,11926926615.8015,12890760315.146,12319834195.331,12776224496.9718,13228147516.1168,11386853113.0189,11861199830.8396,13019726211.7369,15156424015.1977,15401826127.2539,15162734205.2462,17930565118.8176,18916378860.5488
Algeria,DZA,GDP (current US$),NY.GDP.MKTP.CD,67863850333.9526,85332581188.6107,103198212442.69,117027280155.386,134977082623.78,171000699876.747,137211003661.699,161207307027.185,200013098817.25,209059080929.499,209755003250.664,213809979836.314,165979224866.131,160034212126.018,170096988531.906,174910684781.571,171760275466.61,145743542982.628,163472387986.768,194998449769.085
American Samoa,ASM,GDP (current US$),NY.GDP.MKTP.CD,524000000,509000000,500000000,493000000,518000000,560000000,675000000,573000000,570000000,640000000,638000000,643000000,673000000,671000000,612000000,639000000,647000000,721000000,750000000,871000000
Andorra,AND,GDP (current US$),NY.GDP.MKTP.CD,2361636235.17833,2895047587.11888,3159826891.50873,3456264324.63015,3952395030.09698,4085780202.87838,3674190066.44504,3449925693.58181,3629133062.55168,3188653258.61001,3193513470.43941,3271686452.47686,2789882569.1005,2896611878.6258,3000160414.63795,3218418631.67579,3155150255.91195,2891002460.29153,3325143693.28714,3352031094.22914
Angola,AGO,GDP (current US$),NY.GDP.MKTP.CD,17812704627.0282,23552057820.4599,36970901023.7893,52381025102.321,65266415706.9741,88538664884.265,70307196474.1272,83799473759.7201,111789747670.59,128052915202.989,132339108708.408,135966802156.542,90496420626.179,52761617225.9253,73690155046.555,79450688232.0011,70897962712.6213,48501561230.001,66505129989.243,106782770714.619
Antigua and Barbuda,ATG,GDP (current US$),NY.GDP.MKTP.CD,856396296.296296,919729629.62963,1022962962.96296,1157662962.96296,1312759259.25926,1370070370.37037,1228329629.62963,1148700000,1281337037.03704,1327107407.40741,1325425925.92593,1378829629.62963,1437755555.55556,1489692592.59259,1531151851.85185,1661529629.62963,1725351851.85185,1410796296.2963,1601366666.66667,1867733333.33333
Argentina,ARG,GDP (current US$),NY.GDP.MKTP.CD,127586973492.177,164657930452.787,198737095012.282,232557260817.308,287530508430.568,361558037110.419,332976484577.619,423627422092.49,530158122010.442,545982375701.128,552025140252.246,526319673731.638,594749285413.212,557532320662.955,643628393281.364,524819892360.176,447754683615.225,385740508436.965,487902572164.348,631133384439.944
Armenia,ARM,GDP (current US$),NY.GDP.MKTP.CD,2807061008.69084,3576615240.41616,4900469511.10191,6384452066.5146,9206301269.79164,11662040713.8753,8647937081.2562,9260285755.62424,10142111824.5835,10619320682.9474,11121464437.0415,11609513246.7958,10553337518.414,10546136235.5219,11527458709.0158,12457940694.7395,13619290539.2116,12641698583.2152,13878908628.9378,19513474648.2429
Aruba,ABW,GDP (current US$),NY.GDP.MKTP.CD,2044111731.84358,2254830726.25698,2360017318.43575,2469782681.56425,2677641340.78212,2843024581.00559,2553793296.08939,2453597206.70391,2637859217.87709,2615208379.88827,2727849720.67039,2790849720.67039,2962907262.56983,2983635195.53073,3092429050.27933,3276184357.5419,3395798882.68156,2558906303.88098,3103184101.51354,3544707788.05664
Australia,AUS,GDP (current US$),NY.GDP.MKTP.CD,467739079790.332,614659980082.515,695692898676.56,748417562769.636,855007458585.224,1056112427190.38,928762122698.05,1148890200292.42,1398701323029.63,1547649835732.89,1577301840200.01,1468597690006.22,1351768945139.11,1207580901578.72,1326882104817,1429733668185.91,1394671325960.57,1330381544909.3,1559033756285.13,1692956646855.7
Austria,AUT,GDP (current US$),NY.GDP.MKTP.CD,262273631180.054,301457562038.541,316092273276.015,336280064332.411,389185571506.052,432051935642.945,401758735822.211,392275107258.667,431685217367.511,409401816050.531,430190979705.962,442584815286.034,381971148530.543,395837353031.499,417261151844.977,454991174096.102,444596155845.254,435049316955.737,479295362747.047,470941926750.741
Azerbaijan,AZE,GDP (current US$),NY.GDP.MKTP.CD,7276413079.11451,8680405740.94125,13245421880.834,20981929497.6188,33049419431.2244,48851293785.4483,44292427184.9492,52909294791.9262,65952796427.9473,69679944504.1972,74160560123.6902,75239785452.1022,53076235354.746,37866996882.9157,40866627351.9817,47112470051.7701,48174235294.1176,42693000000,54825411764.7059,78721058823.5294
"Bahamas, The",BHS,GDP (current US$),NY.GDP.MKTP.CD,8870090000,9055290000,9836200000,10167250000,10618340000,10526000000,9981960000,10095760000,10070450000,10720400000,10395500000,10974800000,11672900000,11750800000,12253500000,12653600000,13058700000,9754600000,11527600000,12897400000
Bahrain,BHR,GDP (current US$),NY.GDP.MKTP.CD,11074813829.7872,13150159574.4681,15968723404.2553,18504760638.2979,21730000000,25710904255.3191,22938218085.1064,25713271276.5957,28776595744.6809,30749308510.6383,32539468085.1064,33387712765.9574,31050638297.8723,32234973404.2553,35473776595.7447,37802005319.1489,38653318085.1064,34621807712.766,39288670212.766,44383297872.3404
Bangladesh,BGD,GDP (current US$),NY.GDP.MKTP.CD,60158929188.2556,65108544250.0425,69442943089.4309,71819083683.7403,79611888213.148,91631278239.3237,102477779556.785,115279077465.226,128637983882.833,133355820262.925,149990529836.78,172885432686.945,195078573252.202,265236390328.627,293754781336,321379127909.353,351238399005.451,373902197869.16,416264800549.026,460201265527.977
Barbados,BRB,GDP (current US$),NY.GDP.MKTP.CD,3209500000,3444500000,3819500000,4217450000,4674000000,4785250000,4465500000,4531150000,4656400000,4613850000,4685550000,4707600000,4734000000,4843300000,4992300000,5110250000,5341100000,4738800000,4923100000,5699950000
Belarus,BLR,GDP (current US$),NY.GDP.MKTP.CD,17825444724.4878,23141566292.9462,30210091836.8294,36961894281.3444,45275711995.825,60752106347.126,50873167326.0414,57231904542.8755,61762382327.9319,65685890438.8922,75527558966.4473,78812805039.0743,56454889146.6088,47723545321.259,54725302249.8088,60031173807.7196,64410122847.3508,61371755326.2351,69673747131.87,72793457588.4367
Belgium,BEL,GDP (current US$),NY.GDP.MKTP.CD,318082528506.588,369214712443.206,385714762230.039,408259840868.823,470922156309.453,517328087920.078,483254171097.812,481420882905.001,523330354138.133,496152879924.727,521791015247.06,535390200131.018,462335574841.484,476062757356.927,502764720556.354,543299066998.902,535865804349.803,526264230147.394,600748812601.541,583435595579.963
Belize,BLZ,GDP (current US$),NY.GDP.MKTP.CD,1303381860.75674,1394273990.60003,1468145956.19917,1584207353.22049,1699214298.91439,1731921564.0667,1681473348.43468,1739070295.44027,1818831938.17757,1899503249.8643,2021757434.18064,2125125606.25723,2194709309.24204,2240593542.9757,2266664817.08822,2292787335.62452,2386792476.10637,2047727810.06777,2424575179.3783,2830507575.6841
Benin,BEN,GDP (current US$),NY.GDP.MKTP.CD,5349258094.48239,6190270380.49856,6567654954.38903,7034111314.88812,8169048382.83875,9787734526.23965,9738626517.00319,9535345015.78355,10693321363.6574,11141358115.8991,12517845123.9315,13284527846.9081,11388160997.1089,11821065852.1271,12701655845.9612,14262408079.7014,14390708756.988,15686741893.5187,17687623534.6665,17396792699.5489
Bermuda,BMU,GDP (current US$),NY.GDP.MKTP.CD,4186525000,4484703000,4868136000,6144000000,6767000000,6980000000,6656000000,6634526000,6312691000,6378188000,6465756000,6413988000,6654541000,6899911000,7142316000,7225977000,7423465000,6887147000,7127200000,7546000000
Bhutan,BTN,GDP (current US$),NY.GDP.MKTP.CD,603999374.539588,682577068.508011,796938571.960642,874989741.101421,1168307584.21345,1227809270.44945,1234015133.10525,1547990911.56653,1777102573.23973,1781280181.55431,1756214316.41385,1907090375.97776,2003596838.78013,2158971711.31564,2591358114.48376,2583335723.83252,2735683408.71698,2457604042.76364,2768003872.54065,..
Bolivia,BOL,GDP (current US$),NY.GDP.MKTP.CD,8082399639.54305,8773451751.5121,9549122905.32852,11451844902.2214,13120108008.3477,16674276285.8956,17339992193.7322,19649723722.1034,23963164696.592,27084497481.9103,30659338885.6729,32996188017.3661,33000198248.9146,33941126193.9219,37508642170.767,40287647930.5355,40895322850.9407,36629843806.0781,40406111695.179,44008282877.9606
Bosnia and Herzegovina,BIH,GDP (current US$),NY.GDP.MKTP.CD,8498894359.38629,10156541538.399,11222796336.5426,12864841905.9543,15778734264.3787,19112796623.1175,17613949091.2294,17176315803.7298,18644233537.1093,17226735995.6905,18179108530.5261,18558733564.4692,16404348871.4437,17116926327.6247,18326373366.1105,20484053868.9246,20482608755.379,20226036564.4129,23649568276.8447,24473906673.7086
Botswana,BWA,GDP (current US$),NY.GDP.MKTP.CD,7511582173.37724,8957467706.5354,9918907108.09702,9919158482.41085,10567270655.5027,10730829116.4105,10118459242.3183,12637273429.1339,15110643612.1729,13907464500.1489,14271738933.2042,15470088500.7414,13530748844.505,15082636722.902,16105156375.533,17031943186.1353,16725908666.8462,14960291541.176,18737066311.1597,20355541962.8512
Brazil,BRA,GDP (current US$),NY.GDP.MKTP.CD,558233745651.874,669289424806.307,891633839853.105,1107626541710.74,1397114486471.38,1695855083552.05,1666996438681.46,2208837745214.23,2616156223977.47,2465227803011.57,2472819535742.73,2456043727198.85,1802212206904.68,1795693482652.52,2063514977334.32,1916933898038.36,1873288205186.45,1476107231194.11,1649622821885.14,1920095779022.73
British Virgin Islands,VGB,GDP (current US$),NY.GDP.MKTP.CD,..,..,..,..,..,..,..,..,..,..,..,..,..,..,..,..,..,..,..,..
Brunei Darussalam,BRN,GDP (current US$),NY.GDP.MKTP.CD,6557397070.22741,7872202803.40877,9531420027.79385,11470464771.013,12247677993.9248,14393434224.7597,10732595016.1182,13707280259.9763,18525128526.3766,19048443340.7732,18094321616.7959,17097802752.8728,12930291487.9581,11400466356.3898,12128183904.4501,13566937673.7966,13469235364.7032,12005799653.9835,14006496617.4458,16681536466.7183
Bulgaria,BGR,GDP (current US$),NY.GDP.MKTP.CD,21144957990.4681,26157743368.8716,29868657858.0082,34380536495.6739,44432811756.4731,54480684188.4442,52023801230.12,50760929302.5147,57737040780.0157,54288135058.7926,55852123989.9504,57157782909.9307,50811995688.6771,53964253211.84,59309748166.1179,66370132238.3914,68881010245.5498,70368758395.141,84041493015.6618,90346169914.9349
Burkina Faso,BFA,GDP (current US$),NY.GDP.MKTP.CD,4740768142.67494,5451688537.60959,6146353173.34929,6547419820.38113,7625722836.76847,9451435490.11467,9450696873.34326,10109619740.6994,12080295977.5632,12561015156.5683,13444300485.8412,13943016076.7436,11832159315.6298,12833363045.3367,14106955615.3442,15890066221.2882,16032813501.6639,17725010530.7894,19642668879.7694,18820064797.8379
Burundi,BDI,GDP (current US$),NY.GDP.MKTP.CD,784654423.620476,915257323.3961,1117113079.73645,1273375078.44844,1356199387.42308,1611835857.04588,1781455139.85931,2032135192.01248,2235820809.32006,2333341334.45753,2451606632.29246,2705783329.80483,3104003546.26497,2644487776.50077,2723586962.84034,2667182199.51333,2576518879.82353,2649680261.43998,2775798697.47186,3338722827.66241
Cabo Verde,CPV,GDP (current US$),NY.GDP.MKTP.CD,813260468.873834,924940011.836897,972241676.907662,1107571457.90614,1649621738.63689,1959620648.31578,1852334575.17521,1824751467.92957,2046817987.20109,1913081210.41411,2028910915.16446,2041930125.42979,1749857620.35329,1849789985.99572,1996741539.95088,2205099506.99994,2252177124.32402,1821565613.68613,1997866378.77119,2226862134.08787
Cambodia,KHM,GDP (current US$),NY.GDP.MKTP.CD,4658246918.32119,5337833248.01434,6293046161.75932,7274595706.57406,8639235912.59077,10351914177.4839,10401851767.7083,11242275287.581,12829541141.062,14054443213.4887,15227991395.1207,16702610842.3529,18049954289.4721,20016747857.6367,22177200588.1826,24571753583.3935,27089390032.798,25872797891.7664,26961061151.7337,29504829319.3169
Cameroon,CMR,GDP (current US$),NY.GDP.MKTP.CD,15970315034.9903,18826214135.6419,19509852206.9341,20910512974.933,23928250433.0378,27715142032.913,27932970317.129,27507501821.0296,30630910495.217,30155062329.2821,33728621180.3231,36386544706.0806,32210233020.4569,33814337044.3765,36098547033.1655,39973842087.2242,39670976452.5283,40773241177.0505,44993521774.066,43644068310.851
Canada,CAN,GDP (current US$),NY.GDP.MKTP.CD,895540646634.787,1026690238278.25,1173108598778.68,1319264809590.97,1468820407783.26,1552989690721.65,1374625142157.29,1617343367486.26,1793326630174.52,1828366481521.6,1846597421834.98,1805749878439.94,1556508816217.14,1527994741907.43,1649265644244.09,1725329192783.02,1743725183672.52,1647598402302.68,2001486745423.92,2137939220074.91
Cayman Islands,CYM,GDP (current US$),NY.GDP.MKTP.CD,..,..,..,4200288241.15296,4466278065.11226,4585949023.79609,4281714566.85827,4156841107.36443,4186073104.29242,4291004524.0181,4405796023.18409,4562853611.41445,4708167232.66893,4909322237.28895,5166281305.12522,5530178440.71376,5941896607.58643,5647224988.89996,6028373513.49405,6844827379.30952
Central African Republic,CAF,GDP (current US$),NY.GDP.MKTP.CD,1142315522.53864,1272360517.32373,1337894378.73743,1461859762.33459,1699811294.94935,1993407888.49838,2067381665.25454,2142591540.40068,2437982705.12093,2510126512.22831,1691544110.18543,1894813389.40325,1695825714.19282,1825018144.65595,2072349972.6818,2220979146.11241,2221301351.43918,2326720900.38047,2516498412.46384,2382618615.01694
Chad,TCD,GDP (current US$),NY.GDP.MKTP.CD,2742815071.5744,4422855660.82592,6649307523.64377,7428701453.91509,8650137743.32547,10393833765.3651,9290728318.98821,10668103554.1192,12172308851.0395,12367362757.1342,12953534866.4286,13940767218.5849,10950392256.9543,10097778098.1707,10000394381.0177,11239167898.3395,11314951091.7283,10715396042.3343,11779981332.8631,12704149840.2283
Channel Islands,CHI,GDP (current US$),NY.GDP.MKTP.CD,7332244897.95918,8553643354.08275,8827272727.27273,9676172953.08188,11514605842.3369,..,..,..,..,..,..,..,..,9511207129.35458,9530244530.24453,10422948632.4216,10381669645.1366,9811538461.53846,11735662219.7772,..
Chile,CHL,GDP (current US$),NY.GDP.MKTP.CD,76492579644.0605,99075985721.5697,122294145211.371,153843518110.852,172491075948.358,179894594475.98,171777900623.177,217051209240.298,251382574083.741,267024782642.389,277395018674.682,259560978407.095,242450355827.827,249344864067.964,276154259806.312,295857562826.427,278598887622.96,254258196269.735,316581155648.871,301024724911.923
China,CHN,GDP (current US$),NY.GDP.MKTP.CD,1660280543870.95,1955346768757.64,2285961149904.26,2752118657221.64,3550327803024.69,4594336785752.06,5101691124358.41,6087191746738.57,7551545703518.14,8532185381696.43,9570471111847.82,10475624944290.1,11061572618594.8,11233313730288.5,12310491333980.9,13894907857925.9,14279968506242.8,14687744162801,17820459508852.2,17963171479205.3
Colombia,COL,GDP (current US$),NY.GDP.MKTP.CD,94644969157.0987,117092416666.245,145600529626.71,161792958886.81,206229540893.231,242504150472.931,232468663073.684,286498534094.963,334966134865.3,370691143086.755,382093697077.685,381240864422.407,293492370228.844,282720100286.228,311866875135.578,334198218100.719,323031701210.765,270150956772.57,318511813576.97,343622114560.409
Comoros,COM,GDP (current US$),NY.GDP.MKTP.CD,546885222.713065,633706110.795614,653845169.168576,698431793.872776,795673153.183373,915659107.761613,905341173.9738,907978731.702123,1023086272.69622,1015843491.24635,1116224107.17116,1149587659.74502,966029599.801228,1012835492.51575,1077439756.12221,1188797449.96029,1195019531.03664,1225039195.93742,1296089479.45831,1242519407.27815
"Congo, Dem. Rep.",COD,GDP (current US$),NY.GDP.MKTP.CD,8937567059.87754,10297483481.223,11964484465.9388,14451901696.3878,16737071816.38,19788515590.1284,18648372553.0921,21565721044.8462,25839749199.3671,29306235285.2597,32679745048.4427,35909040925.9375,37917706497.1793,37134801555.3322,38019264794.8263,47568210009.8172,51775829877.2088,48716961860.1325,55328482783.5393,64718641221.216
"Congo, Rep.",COG,GDP (current US$),NY.GDP.MKTP.CD,3503723087.74483,4656974940.12721,6650001680.48544,8072305029.06514,8782703436.70188,11649857673.4436,9723299915.25312,13148396211.5955,15655383576.6515,17692911296.3044,17958720699.0868,17919224179.5609,12434829581.0287,10931247264.8116,11834406800.8818,14773806078.1348,13976661497.841,11468608530.2038,14825708810.7046,15816996654.5788
Costa Rica,CRI,GDP (current US$),NY.GDP.MKTP.CD,17271760506.9483,18610594846.2083,20040642476.9817,22715540324.6944,26884700344.8406,30801744881.9502,30745714312.9905,37658614803.848,42762613699.9524,47231655431.1389,50949668840.8692,52016408951.8225,56441920821.0806,58847019609.6549,60516044657.2254,62420164991.5374,64417670521.1842,62395610760.3912,64960725734.2362,69243626028.6696
Cote d'Ivoire,CIV,GDP (current US$),NY.GDP.MKTP.CD,21251754334.2005,23510575668.4394,24036918719.1307,25281413268.2105,28760090924.4659,34078240260.4002,33886813225.705,34936307964.5293,36693710823.1998,36302302845.3012,42760235497.5958,48843005625.5796,45815005170.815,48407761031.9226,52512344033.7688,58522477744.5444,59898479821.2323,62982768371.6208,71811075955.078,70018715016.8293
Croatia,HRV,GDP (current US$),NY.GDP.MKTP.CD,35254833028.402,41855265955.2919,45025332739.6707,49601608068.5472,59319172946.6829,68519137406.1683,62085753435.5869,58819429750.2234,62736258335.3541,57354547991.2213,59491066217.9088,59342363988.804,50857353544.2847,52512987755.9635,56061675144.3829,61481309636.1289,61470295887.8384,57760024673.9359,69081236641.2469,71600049650.195
Cuba,CUB,GDP (current US$),NY.GDP.MKTP.CD,35901200000,38203000000,42643836100,48835925925.9259,54262870370.3704,56302129629.6296,57481481481.4815,59562962962.963,68990000000,73141000000,77148000000,80656100000,87132800000,91370407863.7,96850649691.7406,100050036096.123,103427600000,107351800000,545217900000,633442300000
Curacao,CUW,GDP (current US$),NY.GDP.MKTP.CD,..,..,..,..,..,..,..,..,2930092237.27161,3012836256.55523,3033568606.16651,3059406995.39666,3058779211.89831,3024690188.01683,3033433248.15988,3046364819.53197,3026124115.73275,2534327592.49914,2739594359.5908,3075180834.72417
Cyprus,CYP,GDP (current US$),NY.GDP.MKTP.CD,14547325028.3126,17320552500,18433411267.2553,20072786350.5206,23968764029.5647,27844698989.3072,25945391775.4932,25732125693.847,27564931919.4782,24977293926.2891,23899444182.51,23155988617.4023,19842492366.5477,20952955488.0836,22870678689.4802,25523485042.6265,25947027570.4262,25227201184.2295,29482917678.8954,29250524418.0855
Czechia,CZE,GDP (current US$),NY.GDP.MKTP.CD,100090467581.268,119814434353.575,137143471328.274,156264095664.643,190183800884.018,236816485762.988,207434296805.33,209069940963.177,229562733398.948,208857719320.649,211685616592.931,209358834156.329,188033050459.881,196272068576.338,218628940951.675,249000540729.179,252548179964.897,245974558654.043,281791218507.1,290527550627.221
Denmark,DNK,GDP (current US$),NY.GDP.MKTP.CD,218096033517.009,251373002954.382,264467336457.17,282884947702.966,319423424509.066,353361038818.383,321241303699.006,321995279401.502,344003137611.271,327148943812.137,343584391647.927,352993631617.708,302673070846.857,313115929314.339,332121063806.391,356841216410.068,346498737961.635,354762748338.661,405687998852.691,400167196948.707
Djibouti,DJI,GDP (current US$),NY.GDP.MKTP.CD,622044665.515049,666072101.777505,708633194.726566,768873684.032838,847918929.107984,999105339.267729,1049110684.72493,1128611700.3618,1239144501.77525,1353632941.5207,2042817162.85639,2214679081.25658,2424391785.43897,2604955228.70117,2762581334.22612,2913466732.12507,3088853638.56832,3185150981.03207,3385825228.86997,3515108859.95465
Dominica,DMA,GDP (current US$),NY.GDP.MKTP.CD,343311111.111111,367200000,364255555.555556,390251851.851852,421374074.074074,458188888.888889,489074074.074074,493825925.925926,501025925.925926,485996296.296296,498296296.296296,520429629.62963,540737037.037037,576229629.62963,521551851.851852,554770370.37037,611537037.037037,504214814.814815,555266666.666667,607440740.740741
Dominican Republic,DOM,GDP (current US$),NY.GDP.MKTP.CD,21403167848.1444,22322387382.494,35777560683.9366,37879830084.2627,43965458508.5056,48122601530.3324,48261078913.7266,53860187257.9593,58029773599.455,60681535652.5373,62682159338.0354,67179955677.2791,71164826836.5281,75704647877.6559,79998046305.79,85555390139.118,88941372558.2397,78844656298.1776,94243425938.3647,113537368176.13
Ecuador,ECU,GDP (current US$),NY.GDP.MKTP.CD,32432858000,36591661000,41507085000,46802044000,51007777000,61762635000,62519686000,69555367000,79276664000,87924544000,95129659000,101726331000,99290381000,99937696000,104295862000,107562008000,108108009000,99291124000,106165866000,115049476000
"Egypt, Arab Rep.",EGY,GDP (current US$),NY.GDP.MKTP.CD,80288461538.4615,78782467532.4675,89600665557.4043,107426086956.522,130437828371.278,162818181818.182,189147005444.646,218983666061.706,235989672977.625,279116666666.667,288434108527.132,305595408895.265,329366576819.407,332441717791.411,248362771739.13,262588632526.73,318678815489.749,383817841547.099,424671765455.704,476747720364.742
El Salvador,SLV,GDP (current US$),NY.GDP.MKTP.CD,13243892200,13724810900,14698000000,15999890000,17011750000,17986890000,17601620000,18447920000,20283780000,21386150000,21990960000,22593470000,23438240000,24191430000,24979190000,26020850000,26881140000,24930080000,29451240000,32488720000
Equatorial Guinea,GNQ,GDP (current US$),NY.GDP.MKTP.CD,2484745935.09329,4410764338.66733,8217369092.65224,10086528698.8604,13071718758.7373,19749893536.3204,15027795173.2187,16314443436.2903,21357343668.9447,22388344143.9131,21948834283.7856,21765453081.9826,13185496881.4055,11240808846.6928,12200913887.6419,13097012124.2267,11364133546.2488,9893816016.147,12104994084.4108,12029633746.519
Eritrea,ERI,GDP (current US$),NY.GDP.MKTP.CD,870248293.699204,1109054005.43971,1098424709.46293,1211161879.6748,1317974491.05691,1380188800,1856695551.21951,1589515447.15447,2065001626.01626,..,..,..,..,..,..,..,..,..,..,..
Estonia,EST,GDP (current US$),NY.GDP.MKTP.CD,9874013098.46432,12145911801.2422,14106790200.2239,17022870405.2189,22449129482.617,24341678628.9732,19633031397.6104,19523477325.6235,23213994093.4631,23019150071.1867,25115753366.1114,26634083965.0987,22890762090.1508,24072829276.7744,26924385103.0659,30624720196.229,31081901909.2156,31370395572.7658,37191166151.98,38100812958.5196
Eswatini,SWZ,GDP (current US$),NY.GDP.MKTP.CD,2197598466.25447,2770082791.50412,3178112498.67911,3291330019.17287,3469381231.49049,3294084314.15058,3580428052.81393,4438765085.93784,4820478680.18375,4886551483.93374,4597552981.56738,4422986271.74767,4063245671.29285,3816019193.16561,4402969225.92165,4666598024.18411,4466214591.14854,3982236692.55236,4850842571.59151,4790922065.6101
Ethiopia,ETH,GDP (current US$),NY.GDP.MKTP.CD,8623691300.04079,10131187261.4421,12401139453.9738,15280861834.6024,19707616772.7996,27066912635.2228,32437389116.038,29933790334.3418,31952763089.33,43310721414.0829,47648276605.0123,55612228233.5179,64589328550.5953,74296745207.8721,81770886825.6048,84269196625.8784,95912607722.3032,107657734392.446,111261882958.426,126783471597.671
Faroe Islands,FRO,GDP (current US$),NY.GDP.MKTP.CD,1501941580.88903,1724770770.83393,1759739599.22694,2017680834.89917,2339015313.29513,2489873249.62815,2296065170.05552,2331796784.36009,2505740669.27039,2427200388.91831,2690110520.92548,2914012679.27277,2573905971.05459,2813278868.78208,2980057377.87967,3188600927.46688,3266432734.22819,3262045883.37293,3655063937.93145,3555929833.05051
Fiji,FJI,GDP (current US$),NY.GDP.MKTP.CD,2300492465.32276,2708078476.63012,2980403844.72096,3076305452.86506,3378314599.76402,3523185919.55826,2870624635.68032,3140166712.79624,3779411899.37483,3972028104.47328,4189967998.51424,4857104791.00386,4682479912.05203,4930213634.35692,5353469171.0611,5581425324.91185,5444407214.31758,4432466237.09588,4305031630.81808,4979979546.0123
Finland,FIN,GDP (current US$),NY.GDP.MKTP.CD,171652458349.411,197479443979.151,204885494686.381,217089269791.764,256378067752.158,285716311136.719,253497520828.515,249424310816.667,275604356167.316,258290060227.734,271362405890.589,274862826772.156,234534382384.766,240771351298.833,255647979916.471,275708001767.843,268514916972.549,271886077382.102,296776746825.577,282896251391.052
France,FRA,GDP (current US$),NY.GDP.MKTP.CD,1844544792036.86,2119633181634.37,2196945232435.8,2320536221304.7,2660591246211.77,2930303780828.12,2700887366932.03,2645187882116.67,2865157541994.17,2683671716967.19,2811876903329.03,2855964488590.19,2439188643162.5,2472964344587.17,2595151045197.65,2790956878746.66,2728870246705.88,2647418691598.45,2959355819170.5,2779092236505.85
French Polynesia,PYF,GDP (current US$),NY.GDP.MKTP.CD,4927780606.7707,5564109981.9138,5705052134.54253,5877997979.62266,6631156405.59637,7136741421.95908,6584557973.9375,6086644798.55982,6203940036.91982,5692858099.00217,6031827122.60663,6151996560.84289,5325846361.81186,5497036476.8031,5833352692.7995,6135116253.33452,6022276196.13871,5792545870.80614,6150640646.38319,5814661208.90544
Gabon,GAB,GDP (current US$),NY.GDP.MKTP.CD,6511903365.47554,7770219008.21293,9582783990.85345,10327598306.4575,12455409587.3371,15571348344.3379,12113699068.2517,14372593020.2885,18210307743.5816,17170464016.0593,17595744798.3398,18203966895.8433,14383107762.6952,14023890265.3665,14929487485.1623,16867326401.9626,16874405465.391,15314577154.8076,20217946922.4528,21071739224.8918
"Gambia, The",GMB,GDP (current US$),NY.GDP.MKTP.CD,487038685.045496,961900651.423441,1027701067.55688,1054112487.74083,1279703047.0221,1561766955.73024,1450142508.57808,1543294926.87301,1409693596.93594,1415004738.26621,1375609453.43746,1229461721.40861,1378176608.93204,1484578885.97132,1504909462.69521,1670671327.81651,1813609692.49994,1812170891.19069,2038414968.60683,2187194563.48605
Georgia,GEO,GDP (current US$),NY.GDP.MKTP.CD,3991377904.13162,5125365191.98664,6410912049.87105,7745250733.95067,10172931088.5655,12795145130.9103,10766920065.8251,12243217070.5734,15107486236.2474,16488822461.4203,17190068235.7892,17627332900.2581,14953673796.1929,15141598622.5692,16242645072.2881,17596922469.9152,17470436258.5131,15842922532.7202,18629365612.096,24780791063.7131
Germany,DEU,GDP (current US$),NY.GDP.MKTP.CD,2501640388482.35,2814353869359.08,2846864211175.1,2994703642023.53,3425578382921.58,3745264093617.19,3411261212652.34,3399667820000.01,3749314991050.59,3527143188785.16,3733804649549.03,3889093051023.52,3357585719351.56,3469853463945.53,3690849152517.65,3974443355019.6,3889177589254.9,3887727161914.41,4278503934689.85,4082469490797.68
Ghana,GHA,GDP (current US$),NY.GDP.MKTP.CD,7632723555.66221,8881417906.71432,10744568381.4456,20885037596.6963,24827339138.4906,28679383241.0729,26048720005.5233,32197655566.5347,39336668080.559,41271701060.954,62824629066.0408,54783320576.8882,49406009811.9819,56164928691.0359,60405920071.5652,67298913752.0241,68337974418.3315,70043095503.6675,79524421861.2743,73766052451.5256
Gibraltar,GIB,GDP (current US$),NY.GDP.MKTP.CD,..,..,..,..,..,..,..,..,..,..,..,..,..,..,..,..,..,..,..,..
Greece,GRC,GDP (current US$),NY.GDP.MKTP.CD,202370140236.265,240963562236.127,247875422204.414,273546728473.073,318902829550.733,355908689477.445,331308500253.274,297124961971.501,282995942006.557,242029307133.408,238907690051.13,235458133124.608,195683527003.375,193148146586.933,199844406013.531,212049447242.111,205252760889.364,188480337285.605,214667807441.202,217581324512.059
Greenland,GRL,GDP (current US$),NY.GDP.MKTP.CD,1558759823.08169,1822499769.23938,1849802648.36391,2013106929.50031,2249811295.6608,2499092314.41875,2529963903.22685,2503167187.49305,2684461375.46585,2609678486.36749,2684946990.12448,2842065708.35962,2499113022.81675,2707139544.46695,2851613679.03433,3055782146.15957,2997309971.87623,3082884653.2456,3235809504.29871,..
Grenada,GRD,GDP (current US$),NY.GDP.MKTP.CD,591018407.407407,599118592.592593,695555555.555555,698700666.666667,758683592.592593,825976037.037037,771275555.555555,771014814.814815,778655555.555555,799881481.481481,842618518.518518,911496296.296296,997007407.407407,1061640740.74074,1125685185.18519,1166514814.81481,1213485185.18519,1043411111.11111,1122800000,1215379155.67282
Guam,GUM,GDP (current US$),NY.GDP.MKTP.CD,3569000000,3869000000,4213000000,4238000000,4397000000,4658000000,4828000000,4949000000,4984000000,5265000000,5399000000,5610000000,5799000000,5901000000,6013000000,6056000000,6366000000,5886000000,6123000000,..
Guatemala,GTM,GDP (current US$),NY.GDP.MKTP.CD,21576351798.9145,23577298094.6571,26783389293.922,29744246827.1839,33567850824.1039,38503720224.3166,37126148264.6383,40676578423.4871,46876006272.2387,49593929487.1263,52996446269.442,57852153058.502,62186064718.7424,66053403469.0024,71653754066.2763,73328365862.4329,77172317258.6478,77715183063.2054,86053083476.0294,95003330315.8754
Guinea,GIN,GDP (current US$),NY.GDP.MKTP.CD,3446441784.82252,3635458213.65962,2937071740.68756,4220019242.72882,6281917649.94033,6964179187.85579,6716904516.97953,6853467832.49407,6785137215.55736,7638045226.04416,8376613880.84932,8778473643.31852,8794202394.29076,8595955600.36601,10324668271.1032,11857030367.2441,13442861496.4128,14177835841.3923,16091817842.1318,20999229260.4955
Guinea-Bissau,GNB,GDP (current US$),NY.GDP.MKTP.CD,477458577.163666,532062894.803123,587029096.028696,592365659.818537,696910784.011006,868154627.875233,830126428.788601,849878489.118426,1099818591.95479,989271155.135142,1046087367.45447,1054915581.35773,1048229633.00189,1179004911.26676,1350177012.24273,1504630233.68158,1439638410.99683,1431758231.68522,1638517606.89496,1633559092.08861
Guyana,GUY,GDP (current US$),NY.GDP.MKTP.CD,743063950.317749,787814379.183843,824880550.343965,2379817990.6918,2730971595.39574,3025187433.33637,3165663152.73351,3432912516.92427,3691384317.52178,4063088535.76331,4167800935.59876,4127660158.47257,4279840193.7046,4482697336.56174,4748174334.14044,4787637005.53562,5173760191.84652,5471256594.72422,8041362110.31175,14718388489.2086
Haiti,HTI,GDP (current US$),NY.GDP.MKTP.CD,5071947798.02544,6087360734.62315,7030149790.90123,7638739123.63747,9228637766.35319,10432962724.6183,11597002929.7039,11859312627.1744,13008746038.8867,13708925402.9447,14902488489.1696,15146883647.3239,14849629407.8872,14069277532.5199,15093357143.2889,16403864522.0538,15016090929.5125,14508222518.3018,20877414952.6375,20253551884.6055
Honduras,HND,GDP (current US$),NY.GDP.MKTP.CD,8230391346.67228,8869299234.3377,9757012696.56212,10917477066.1429,12361257680.5627,13881731875.7466,14587496229.1811,15839344591.9842,17710275685.4074,18528554397.5695,18499729214.904,19756533971.8698,20979791685.416,21717604952.1835,23136247990.5977,24067750760.499,25089937021.5418,23827859226.8834,28488721680.8502,31717699764.3621
"Hong Kong SAR, China",HKG,GDP (current US$),NY.GDP.MKTP.CD,161385558801.811,169099768875.193,181569311742.213,193535442896.365,211596944503.8,219278749139.734,214047795659.045,228638668727.291,248513617677.287,262628865879.697,275696879834.966,291459995978.893,309385622601.348,320860317562.562,341273289534.466,361731070995.726,363074545072.389,344943149590.058,368911387845.418,359838583490.063
Hungary,HUN,GDP (current US$),NY.GDP.MKTP.CD,85285062818.0077,104120820258.669,113211158292.936,115715618613.052,140186716681.425,158325614580.628,131069255620.567,132175349953.713,141942264554.475,128814279315.132,135684315697.713,141033843265.669,125174166987.372,128609822750.039,143112196040.326,160565642983.587,164020460331.659,157227094449.074,182090041757.269,177337436677.365
Iceland,ISL,GDP (current US$),NY.GDP.MKTP.CD,11429333037.8443,13825302535.7699,16852963067.0496,17465318552.2941,21652505596.7528,18074622987.0185,13154414219.207,13751161917.7398,15221622925.9319,14751508133.5443,16125060515.3117,17867662177.8911,17517210519.0912,20793168030.9524,24728285177.4603,26260850582.0687,24681343649.2952,21565767851.144,25595940169.5879,28064529851.3098
India,IND,GDP (current US$),NY.GDP.MKTP.CD,607699285436.048,709148514815.787,820381595510.643,940259888794.351,1216736438842.41,1198895139014.62,1341888016984.36,1675615519489.35,1823051829900.81,1827637590787.19,1856721507681.08,2039126479228.11,2103588360066.32,2294796885682.55,2651474262735.28,2702929641707.38,2835606256616.03,2671595405986.86,3150306839142.13,3416645826052.87
Indonesia,IDN,GDP (current US$),NY.GDP.MKTP.CD,234772463823.808,256836875295.452,285868619196.085,364570515618.357,432216737774.861,510228634990.598,539580085616.492,755094157621.936,892969104563.171,917869913332.649,912524136718.018,890814755533.537,860854232686.214,931877364037.698,1015618744159.73,1042271532988.63,1119099871350.2,1059054842698.48,1186505455736.54,1319100220407.72
"Iran, Islamic Rep.",IRN,GDP (current US$),NY.GDP.MKTP.CD,153544751396.211,190043433963.866,226452138295.726,266298911663.707,349881601462.439,412336172443.795,416397025729.898,486807616876.696,626133112195.928,644035512181.481,492775566425.881,460382791480.428,408212917874.964,457954614593.746,486630147094.486,329691934144.504,283649531542.631,239735486745.704,359096907772.985,413493207349.265
Iraq,IRQ,GDP (current US$),NY.GDP.MKTP.CD,21921569478.8163,36627901762.063,49954890353.2609,65140147197.1215,88837055195.2619,131614433712.245,111657581662.35,138516722649.573,185749664444.444,218002481737.691,234637675128.645,228415656174.957,166774104959.102,166602488747.885,187217660050.676,227367469034.031,233636097800.338,180924091442.953,207691599310.345,264182173793.103
Ireland,IRL,GDP (current US$),NY.GDP.MKTP.CD,164670771259.602,194372115041.065,211876989655.907,232180617162.279,270079279419.5,275447471451.063,236443115853.695,221913560882.367,239170638711.314,225118718207.156,238112475390.796,259681883575.706,292364226871.756,298559265006.398,337241811320.896,386693357874.056,398933010007.356,428608687830.239,513391778882.86,533140011838.276
Isle of Man,IMN,GDP (current US$),NY.GDP.MKTP.CD,2328658227.8481,2822358473.16983,3032409189.13713,3422735301.67301,4466353634.79678,5928788780.55394,5486918994.75922,5920366628.33329,6565668780.73505,6690228489.39991,7001180245.83103,7708459144.9826,7084795708.28406,6846373276.59372,6979791187.12712,7491654051.07858,7314966839.12782,6684229268.50545,..,..
Israel,ISR,GDP (current US$),NY.GDP.MKTP.CD,131299915899.958,139973148371.263,147083996033.603,158670456932.537,184052121662.082,220531065217.391,211970040942.96,238364092298.023,266791854430.897,262282344091.849,297732778479.129,314330061977.263,303414276832.04,322102790386.835,358245427458.541,376691526553.276,402470513619.148,413267669231.522,488526545878.891,525002447652.773
Italy,ITA,GDP (current US$),NY.GDP.MKTP.CD,1577621707050.51,1806542968545.56,1858217147203.73,1949551719389.64,2213102482751.46,2408655348718.59,2199928804118.63,2136099955236.67,2294994296589.5,2086957656821.6,2141924094298.56,2162009615996.54,1836637711060.55,1877071687633.78,1961796197354.36,2091932426266.98,2011302198827.45,1897461635591.91,2155360298998.03,2049737165407.98
Jamaica,JAM,GDP (current US$),NY.GDP.MKTP.CD,9430234810.78586,10174664853.9476,11243865777.7131,11930179089.8855,12799600047.1845,13709401520.0326,12120458114.8318,13220549908.2494,14444661522.1463,14807086555.5283,14264205152.6126,13899217721.6818,14188936958.4343,14077096714.1279,14808985171.3441,15730792835.5811,15830766570.7266,13812421803.4084,14657586127.0331,17097760723.9201
Japan,JPN,GDP (current US$),NY.GDP.MKTP.CD,4519561645253.53,4893116005656.56,4831467035389.8,4601663122649.92,4579750920354.81,5106679115127.3,5289493117993.89,5759071769013.11,6233147172341.35,6272362996105.03,5212328181166.18,4896994405353.29,4444930651964.18,5003677627544.24,4930837369151.42,5040880939324.86,5117993853016.51,5048789595589.43,5005536736792.29,4232173916086.67
Jordan,JOR,GDP (current US$),NY.GDP.MKTP.CD,10195627644.5698,11411706629.055,12588998589.5628,15056981664.3159,17110437235.543,22658715989.3302,24537876056.338,27133804225.3521,29524149154.9296,31634561690.1408,34454440140.8451,36847643521.1268,38587017887.3239,39892551126.7606,41608435915.493,43370860704.2254,44502816901.4085,43700383098.5916,46296100140.8451,48653381780.6397
Kazakhstan,KAZ,GDP (current US$),NY.GDP.MKTP.CD,30833692900.1091,43151647002.6096,57123671733.8952,81003864630.018,104849915058.376,133441648851.982,115308686941.38,148047348240.643,192626464617.071,207998568865.789,236634603409.089,221415613595.469,184388404706.042,137278320084.171,166805788827.233,179339977690.485,181667184854.501,171082365861.423,197112255360.612,225496328925.494
Kenya,KEN,GDP (current US$),NY.GDP.MKTP.CD,14904517649.8476,16095337093.8366,18737895512.7378,25825512284.2891,31958195182.2406,35895153327.8497,42347217912.9176,45405615063.7551,46869473150.61,56396704671.5777,61671440407.8387,68285796514.2896,70120446896.8359,74815144163.8931,82036510877.2599,92202979985.2863,100378436207.371,100657505750.545,109703658904.994,113420008178.793
Kiribati,KIR,GDP (current US$),NY.GDP.MKTP.CD,90231037.5286819,102370652.883761,112136256.341291,110237181.027024,132674851.389707,141045213.047045,132421039.331955,155305602.21032,180672702.310454,189629954.825062,184543120.916973,177868200.039122,170292316.823055,178507954.868147,188540710.231323,196501525.688652,175181629.286475,177553274.584763,227610079.145208,223353014.294593
"Korea, Dem. People's Rep.",PRK,GDP (current US$),NY.GDP.MKTP.CD,..,..,..,..,..,..,..,..,..,..,..,..,..,..,..,..,..,..,..,..
"Korea, Rep.",KOR,GDP (current US$),NY.GDP.MKTP.CD,702714855193.904,793175561887.027,934901071332.984,1053216909887.56,1172614086539.86,1047339010225.25,943941876218.743,1143672241149.72,1253289537500.81,1278046536287.01,1370632955321.2,1484488526271.8,1466038936206.43,1499679823909.61,1623074183501.9,1725373496825.43,1651422932447.77,1644312831906.17,1818432106880.04,1673916469026.56
Kosovo,XKX,GDP (current US$),NY.GDP.MKTP.CD,..,..,..,..,..,5181776768.71247,5015894692.97027,5343950556.07185,6341613609.97976,6163484244.63408,6735328609.6594,7074394734.88431,6295848422.71573,6682677289.98994,7180764703.35718,7878759714.82322,7899737577.47286,7717145217.81247,9412034299.23122,9409473517.95304
Kuwait,KWT,GDP (current US$),NY.GDP.MKTP.CD,47874582231.588,59439090600.6108,80798630136.9863,101557330723.423,114634043361.692,147379737229.753,105968691905.415,115416580893,154079839408.071,174047996684.957,174167897908.593,162650272167.89,114585576961.43,109406328917.014,120687539805.505,138202535799.918,136191825724.364,105948807280.731,137384258875.558,175363265306.122
Kyrgyz Republic,KGZ,GDP (current US$),NY.GDP.MKTP.CD,1919008090.49641,2211534585.0034,2460246766.41401,2834168889.42019,3802570552.56105,5139958909.17936,4690061380.60253,4794361863.01353,6197765984.28468,6605142884.36215,7335033800.59056,7468102412.68237,6678177511.66313,6813095379.1187,7702938379.42036,8271106235.41552,9371275264.36735,8270468614.24051,9249133946.26531,11543966558.842
Lao PDR,LAO,GDP (current US$),NY.GDP.MKTP.CD,2023324407.28414,2366398119.86321,2735558734.7379,3455031447.60194,4223152219.21266,5446434031.67898,5836138127.08912,7131773632.68946,8750107401.55382,10192848926.2582,11983252626.5452,13279248478.6917,14426381187.0894,15912495368.8717,17071162084.4067,18141651381.3884,18740559554.1632,18981800705.0794,18827148528.9934,15468785203.7532
Latvia,LVA,GDP (current US$),NY.GDP.MKTP.CD,11771975156.8073,14435700533.368,17003459863.0989,21570076498.6205,31054350977.9784,35854274228.9139,26410909090.9091,23956163076.5575,27474380566.265,28169902669.3784,30204783461.8488,31386896487.0407,27263090547.0617,28083597512.4841,30483806017.8318,34429023435.0211,34225547537.0745,34390910338.9604,39443126174.4335,40932030049.5644
Lebanon,LBN,GDP (current US$),NY.GDP.MKTP.CD,20082918739.6352,21159827992.0398,21497336498.8391,22022709851.4096,24827355014.9254,29118916105.4726,35399582928.6899,38443907042.1227,39927125961.5257,44016799515.7546,46880103080.597,48095213746.6003,49929337836.8159,51147308774.1294,53027680685.9038,54901519155.5556,51605959131.2741,31712128253.7961,23131941556.7843,..
Lesotho,LSO,GDP (current US$),NY.GDP.MKTP.CD,1157825434.78971,1511236655.52047,1682343527.49221,1800092563.75462,1682131784.51365,1766902709.19935,1740894964.80511,2234754241.91918,2579409619.96722,2477702216.26888,2367112931.642,2441063054.05792,2359686724.53829,2131522791.45927,2306185472.14868,2556247291.99785,2361966946.29803,2067813018.99465,2348771013.21241,2236502124.16956
Liberia,LBR,GDP (current US$),NY.GDP.MKTP.CD,748000000,897000000,949000000,1119000000,1373000000,1726000000,1768000000,1998000000,2398000000,2791614000,3177198100,3225652000,3227075700,3398419600,3390703400,3422754800,3319596500,3039982500,3509000000,4001046970
Libya,LBY,GDP (current US$),NY.GDP.MKTP.CD,26265625000,33122307692.3077,47334697612.4308,60094248771.565,68032985519.1,86710739535.8756,60808538331.5875,75380800665.2029,48169243832.0503,92540964666.6463,75351117629.3591,57372352561.9874,48717506273.4399,49912085228.2887,67157451661.405,76686048497.4801,69254143966.8182,46808208746.0839,39798423941.0335,45752336035.9846
Liechtenstein,LIE,GDP (current US$),NY.GDP.MKTP.CD,3070803051.42164,3454373797.74442,3659319116.88057,4000102086.14635,4601429897.21468,5081479840.08716,4504375348.07038,5082337238.44718,5739706004.89616,5456102482.28614,6391708310.67727,6657526979.72277,6268515276.17441,6237302033.50132,6474308717.85289,6692620691.84146,6436467007.11932,6405870210.32293,7710380085.92257,..
Lithuania,LTU,GDP (current US$),NY.GDP.MKTP.CD,18781721376.1985,22627507451.5648,26097677571.8373,30183575103.5262,39697891351.9431,47797551587.8823,37388122046.1496,37128694028.243,43535051482.3869,42927454291.478,46523420074.4372,48533659592.1728,41435533340.3883,43047309305.7363,47758736931.7801,53751411409.4447,54808531641.4117,56964942999.3651,66798933785.7702,70974490450.4944
Luxembourg,LUX,GDP (current US$),NY.GDP.MKTP.CD,29667268248.1305,35064843792.8993,37672280120.4794,42910146296.0646,51587401415.7872,58844277701.5258,54467289897.5582,56213985987.4168,61696281326.2453,59776383527.3602,65203276466.9763,68804811897.6445,60071584216.1375,62216885435.9488,65712180342.9836,71000359760.4611,69890505323.5842,73699366700.2134,85584105993.8746,81641807865.7591
"Macao SAR, China",MAC,GDP (current US$),NY.GDP.MKTP.CD,8246479565.94248,10643253553.184,12160056122.3757,14874098691.9082,18439981612.4086,21027018332.6663,21587786905.8499,28241798491.593,36845888757.1886,43189721376.9846,51536595089.2793,54902831793.5018,45048190598.3249,45070808688.9611,50383871120.8733,55190661339.7796,55082293844.1008,25343525935.8358,30969334705.0515,24042287326.5729
Madagascar,MDG,GDP (current US$),NY.GDP.MKTP.CD,6372498889.66585,5064732626.29389,5859269752.61332,6395712490.94304,8524620889.57747,10725137723.6549,9616879409.43789,9982711338.07029,11551819617.874,11578975061.9479,12423555455.3853,12522957399.2281,11323020701.3017,11848613858.442,13176313593.5509,13760033282.2925,14104664678.5063,13051441203.9474,14554754116.5427,15297192798.9771
Malawi,MWI,GDP (current US$),NY.GDP.MKTP.CD,4669789300.35662,5058726350.48896,5320409651.47544,5818279739.14354,6451210219.11683,7743617352.21427,9009887946.82039,10128323010.6049,11648142958.3651,8773203178.16512,8031571927.62055,8801326169.14547,9219474379.31534,7909868618.46366,8943543677.18899,9880675785.93057,11025371147.1876,12056108778.3125,12602334121.6286,13164667626.9363
Malaysia,MYS,GDP (current US$),NY.GDP.MKTP.CD,110202368421.053,124749473684.211,143534405818.501,162692258307.056,193549569477.733,230811614370.384,202257453036.641,255017638455.59,297951668674.835,314443047642.111,323276235524.415,338066095097.254,301355266964.947,301256033870.334,319109094160.343,358788845712.53,365177721021.516,337456163961.211,373832428055.449,407027451714.616
Maldives,MDV,GDP (current US$),NY.GDP.MKTP.CD,1052121055.97237,1226829564.81545,1163362434.32768,1575200390.9349,1868383459.84347,2271646188.14474,2345294878.6681,2588176058.41146,2774350237.79742,2886163995.99666,3295009236.55661,3697353036.58648,4129505319.81871,4409942623.38674,4816426259.51373,5404344159.49959,5726094797.67486,3712604580.32081,5254366310.44801,6170638746.965
Mali,MLI,GDP (current US$),NY.GDP.MKTP.CD,4714071979.68835,5454249125.72966,6247515888.14533,6905934217.90901,8156468826.12645,9838403100.50554,10231962390.2119,10689168016.2613,12995112690.2596,12442035339.1049,13242690786.0938,14364937124.0727,13104764378.326,14026048335.7047,15365713048.1993,17070867589.9055,17280250810.0321,17465392764.3706,19309463508.0377,18827176529.6983
Malta,MLT,GDP (current US$),NY.GDP.MKTP.CD,5448415539.81248,6098092511.83004,6416184235.8384,6778324087.13818,7925371458.80527,9090406749.5267,8696366868.92276,9035824366.00804,9638728635.0143,9461776291.79913,10551030596.7558,11625848974.8051,11091483659.6156,11668015565.8082,13484541925.7714,15404393365.2073,15992378640.0553,15252609039.0749,18087205251.3605,18125564514.2664
Marshall Islands,MHL,GDP (current US$),NY.GDP.MKTP.CD,131398500,132934600,137666300,142745200,149870000,145969100,150624900,160318500,171567100,179855800,185468000,185172900,182997300,200716000,212701200,219430038.452148,231996704.101563,240751144.40918,257784881.591797,258774475.097656
Mauritania,MRT,GDP (current US$),NY.GDP.MKTP.CD,2051147606.73687,2362501023.24249,2936019525.60241,3919577285.92703,4346212355.02975,5206437193.80413,4714595547.75102,5628878797.98257,6764627745.9033,6728208836.22143,7223071097.08417,6592537781.81518,6166863896.68677,6398747592.13185,6800135898.28827,7473550557.07378,7894764885.82312,8260752385.23089,9222536364.01272,9780863578.97688
Mauritius,MUS,GDP (current US$),NY.GDP.MKTP.CD,5816559038.54545,6578840418.9215,6488743193.07147,7028810680.89077,8150150209.22501,9990356673.73497,9128843109.15588,10003670690.3497,11518413429.9684,11668696396.7887,12292974141.4044,13074129952.0532,12007291045.6489,12594155464.4136,13713506130.6081,14735695930.9727,14436346979.6355,11408106446.3144,11484357947.9086,12948726653.811
Mexico,MEX,GDP (current US$),NY.GDP.MKTP.CD,765549967888.647,819459227375.022,917571853345.583,1020265057698.51,1102355554788.94,1161553459894.8,943437415098.633,1105424238889.37,1229013703255.77,1255110424741.85,1327436290360.97,1364507717463.67,1213294467527.59,1112233497399.12,1190721475958.84,1256300182983.65,1305212479961.59,1120741118380.27,1312557512901.28,1465854089286.47
"Micronesia, Fed. Sts.",FSM,GDP (current US$),NY.GDP.MKTP.CD,245432900,240236000,250281900,253541900,256787200,263145100,280284600,296944100,311301600,327248700,317214400,319271200,316489900,332265200,366666800,401932300,416000000,408000000,406000000,424000000
Moldova,MDA,GDP (current US$),NY.GDP.MKTP.CD,1980907434.76826,2598249555.89984,2988342907.03096,3408255450.5509,4401173151.93767,6054824248.24221,5439434271.78807,6974982369.60155,8414352020.49442,8709138634.82921,9496717875.51932,9399833207.49341,7798692878.40136,7982450758.03213,9519053158.46404,11253727815.4762,11735774634.4239,11531967881.0624,13692230147.0588,14508333280.4233
Monaco,MCO,GDP (current US$),NY.GDP.MKTP.CD,3597089750.78276,4043551488.82603,4204652898.73103,4586826512.71356,5875790766.2621,6502942244.93068,5474379252.34114,5367561569.59548,6088689808.38347,5742749294.00852,6555591709.88585,7069353073.08882,6261649890.82388,6465645584.94877,6431271365.08338,7182444409.54069,7383944044.17,6739645416.47916,8626081320.50612,8784002931.68665
Mongolia,MNG,GDP (current US$),NY.GDP.MKTP.CD,1595297355.78349,1992066808.09598,2523471601.10421,3414055661.61598,4234999703.90059,5623216608.04288,4583850367.88972,7189481998.90094,10409797377.8571,12292770631.565,12582122604.2577,12226514668.0622,11619892590.6941,11181350649.3573,11480847740.736,13178094720.4986,14206359017.5143,13312981429.0891,15286441737.6686,17146471626.3963
Montenegro,MNE,GDP (current US$),NY.GDP.MKTP.CD,1707710053.14938,2073234417.68066,2257174480.78597,2721903148.91482,3680711743.77224,4545674527.61096,4159330369.5471,4142983843.4912,4544428421.49513,4087526241.81268,4465772400.37453,4593853290.963,4054730077.57718,4376930578.32395,4856599480.79882,5506942238.35668,5542054181.12616,4769996866.00758,5861427505.12493,6229801580.79157
Morocco,MAR,GDP (current US$),NY.GDP.MKTP.CD,58029363354.2757,66114145451.0067,68852658068.6673,75883823300.8545,86947913286.728,101822906949.063,101154952240.881,100865329473.44,110080631332.375,106937392311.129,115739287305.08,119130841411.664,110413823841.592,111572947004.917,118540573367.844,127341147581.818,128920266409.458,121353645057.144,141817797083.468,130912558829.84
Mozambique,MOZ,GDP (current US$),NY.GDP.MKTP.CD,6583526860.58062,7937255565.35765,8868504899.94673,9509835536.93373,10811456005.9405,12920340964.6544,12263894790.0125,11411894723.864,14619279988.716,16688114144.0745,17198073057.1981,17978246586.0662,16208985769.615,12069051237.1711,13264640645.7768,15017358750.6113,15512759174.573,14235420505.2904,16168056388.9101,18406835954.6695
Myanmar,MMR,GDP (current US$),NY.GDP.MKTP.CD,10467109977.6717,10567354056.4049,11986972418.5103,14502553709.8303,20182477480.5512,31862554101.9378,36906181380.8127,49540813342.4834,59977326085.9908,59937796641.7889,60269732882.8413,65446196919.6813,59687411768.8224,63216143490.1423,66055090634.4518,67855845007.3168,75072038085.8542,79045695084.5069,66262813093.4824,62263466263.7375
Namibia,NAM,GDP (current US$),NY.GDP.MKTP.CD,4926439383.51425,6609205994.77406,7248374837.72056,8001779551.06323,8839536475.99963,8607431497.49471,8938847189.07592,11431412421.1316,12523359440.5499,13042053591.6857,12043307277.1235,12435430969.6301,11335161083.5061,10722018732.0936,12895153160.466,13682018827.0434,12541928102.7657,10583748541.5258,12446290854.8973,12914932655.685
Nauru,NRU,GDP (current US$),NY.GDP.MKTP.CD,..,..,..,..,..,..,..,47562844.6104251,65071879.7787162,101055722.95058,94385014.9425842,99149244.4001333,84863440.5801997,97541943.0355053,109355638.866955,130995566.30391,125160115.547819,124685688.161094,145536615.893046,151647846.128953
Nepal,NPL,GDP (current US$),NY.GDP.MKTP.CD,6330473096.54071,7273938314.71988,8130258415.25477,9043715355.8881,10325618017.379,12545438605.3959,12854985464.0764,16002656434.4746,21573872273.8375,21703100747.4797,22162205046.022,22731612827.0632,24360801337.6944,24524109483.5293,28971588880.3546,33111525183.2178,34186180695.9969,33433659223.6349,36924841428.7182,40828247303.5337
Netherlands,NLD,GDP (current US$),NY.GDP.MKTP.CD,580070360701.96,658380081545.175,685348181515.953,733955269898.823,848558887541.179,951869997864.062,871518638049.218,847380859016.668,905270626332.687,838923319919.531,877172824534.512,892167986713.722,765572770634.375,784060430240.08,833869641687.06,914043438179.607,910194347568.626,909793466661.481,1029678338329.44,1009398719033.08
New Caledonia,NCL,GDP (current US$),NY.GDP.MKTP.CD,4915353827.10576,5895008977.9531,6238629487.01331,6979155387.86792,8819917180.34265,9067619760.07073,8704438102.20142,9364350076.91225,10351448004.7674,9659151917.40484,10151382933.1594,10635035594.7528,8738203074.3957,8724568954.89799,9174048681.98577,9896402283.68587,9475655324.59495,9454629467.91408,10071349663.8484,9623318718.31459
New Zealand,NZL,GDP (current US$),NY.GDP.MKTP.CD,88250885550.2626,103905210084.034,114720129550.095,111538810712.665,137188946865.584,133131369930.414,121373602348.679,146517541181.254,168291357111.739,176206659722.524,190906575136.003,201313497220.917,178064471137.921,188838342527.975,206556258844.567,211886686924.483,213091987153.092,212569779569.519,255551704625.831,248101705541.399
Nicaragua,NIC,GDP (current US$),NY.GDP.MKTP.CD,5322454925.84746,5795568204.64532,6321324279.14826,6763418645.81377,7423365339.17706,8496948362.72092,8298736418.16444,8758619000.75242,9774319976.77873,10531980241.4474,10982995267.0341,11880434070.7811,12756685522.4807,13286101284.7856,13785924374.2151,13025234958.647,12699028991.3771,12678162403.5929,14145880399.1935,15671583939.9889
Niger,NER,GDP (current US$),NY.GDP.MKTP.CD,3394084732.49543,3760443737.53797,4383315964.58718,4756361252.37923,5731485051.79069,7297600226.00536,7352131309.73341,7851192502.30917,8772950777.79176,9426912647.59111,10224897437.8648,10862943543.5419,9683867926.44282,10398861981.7583,11185104251.6785,12837307496.8797,12889555561.304,13744653102.9945,14915002435.9913,15342278919.4009
Nigeria,NGA,GDP (current US$),NY.GDP.MKTP.CD,104738954264.226,135764731645.611,175670569969.346,238454997161.48,278260846800.103,339476276257.793,295008835380.997,366990417129.04,414466676831.16,463971018239.281,520117180313.906,574183763411.508,493026682800.63,404649125252.16,375745731053.427,421739251509.08,474517491092.913,432198898221.967,440838992188.478,472624597402.898
North Macedonia,MKD,GDP (current US$),NY.GDP.MKTP.CD,4946296599.08467,5682784471.69722,6258602872.67898,6861226971.55617,8336474973.72949,9909552434.51136,9401736825.42688,9407170321.37752,10494626767.6445,9745261300.57788,10817702346.0674,11362265252.778,10064519962.5655,10672467073.2873,11307067069.6658,12683068114.2388,12606338448.547,12363580534.6811,13998355971.3044,13563132102.1663
Northern Mariana Islands,MNP,GDP (current US$),NY.GDP.MKTP.CD,1239000000,1210000000,1061000000,990000000,938000000,939000000,795000000,799000000,729000000,746000000,772000000,832000000,910000000,1230000000,1560000000,1301000000,1181000000,858000000,..,..
Norway,NOR,GDP (current US$),NY.GDP.MKTP.CD,229385469337.024,265268662473.297,309978579743.888,346915160681.708,402643260487.572,464917553191.489,387976400617.019,431052143940.438,501360549669.404,512777309840.997,526014468085.106,501736471832.848,388159512245.53,370956547619.048,401745275035.261,439788625883.8,408742840909.091,367633418886.627,490293364377.183,579422449510.271
Oman,OMN,GDP (current US$),NY.GDP.MKTP.CD,21633708192.4577,24763712873.8622,31081991677.5033,37215779713.9142,42085379453.8362,60905452535.7607,48388363589.0767,64993498049.4148,77497529258.7776,87408842652.7958,89936020806.2419,92699089726.9181,78710793237.9714,75128738621.5865,80856697009.1027,91505851755.5267,88060858257.4772,75909397659.2978,88191977373.212,114667360208.062
Pakistan,PAK,GDP (current US$),NY.GDP.MKTP.CD,112371913740.823,132216048339.413,145208562960.767,161871385506.36,184140869997.46,202203748583.854,187337783856.466,196709621849.586,230586581059.665,250106966104.704,258657231672.412,271390474857.632,299963590534.773,313630000130.435,339205534861.1,356128166704.921,320909472770.669,300425609817.981,348516647445.148,374697366359.244
Palau,PLW,GDP (current US$),NY.GDP.MKTP.CD,153963200,165186200,190452900,192382400,198897700,198283900,187522800,185943000,196911100,212397800,221117200,241669800,280457700,298300000,285600000,288546281.25,281970375,257885921.875,232903015.625,..
Panama,PAN,GDP (current US$),NY.GDP.MKTP.CD,13693981200,15013381700,16374393900,18141666300,21295984200,25155888600,27116635600,29440287600,34686224300,40429700000,45599900000,49921400000,54091800000,57907700000,62202700000,67294169200,69721787500,57086836900,67406738100,76522511800
Papua New Guinea,PNG,GDP (current US$),NY.GDP.MKTP.CD,3536411824.2958,3927157866.96465,4865892972.27595,8354911040.70193,9545028944.34579,11670892800.5309,11619456449.266,14250786674.7766,17985138065.8549,21295168665.7247,21261338064.8783,23210823987.308,21723437010.0982,20758876952.6232,22742699138.356,24109780708.0268,24751066910.5409,23848445103.9227,26113333244.5115,31603619041.7903
Paraguay,PRY,GDP (current US$),NY.GDP.MKTP.CD,7691367471.17992,9624440836.29309,10737500188.1123,13429430050.261,17856393235.4338,24615267663.5456,22355151161.994,27260886405.2263,33756238766.5,33271921136.315,38501122141.4241,40377929295.6419,36211447840.0971,36089700222.9461,38997129473.5558,40225448340.6322,37925338329.1494,35432178068.1814,39950899938.7482,41722295229.2279
Peru,PER,GDP (current US$),NY.GDP.MKTP.CD,58731030121.8671,66768703497.5687,76060606060.6061,88643193061.748,102170981144.136,120550599815.441,120822986521.479,147527631520.729,171761737046.585,192650021648.583,201175543571.392,200786250582.943,189802976285.619,191898104390.379,211007984080.911,222597009739.235,228325821196.153,201947615138.567,223717799056.526,242631573320.79
Philippines,PHL,GDP (current US$),NY.GDP.MKTP.CD,87039092974.2272,95001999685.3314,107419977318.166,127652926368.069,155980408673.403,181624626327.361,175974755881.372,208368893151.144,234216730295.938,261920540972.102,283902828581.65,297483555344.802,306445871246.718,318627003012.52,328480736798.792,346841896583.515,376823402244.928,361751145451.597,394087359844.049,404284326110.463
Poland,POL,GDP (current US$),NY.GDP.MKTP.CD,217828661056.935,255107252158.631,306145944824.93,344626667414.292,429020755432.721,533599779515.715,439731589139.212,475696613935.595,524374183218.309,495230523665.901,515761954074.157,539080475073.719,477111287969.227,470024559642.469,524641206566.631,588779850758.053,596058473058.766,599442783598.064,681346136411.701,688125010520.52
Portugal,PRT,GDP (current US$),NY.GDP.MKTP.CD,165226175536.793,189382122532.169,197253876704.921,208756449275.848,240496147317.381,263416394624.084,244667762835.543,238113003233.284,245117990242.248,216224240577.957,226433858005.714,229901964221.884,199394066525.44,206426152308.931,221357874718.93,242313116577.967,239986922638.902,229031860520.777,255534839405.899,255196660987.427
Puerto Rico,PRI,GDP (current US$),NY.GDP.MKTP.CD,74827400000,80322313000,83914521300,87276164400,89524131600,93639300000,96385600000,98381300000,100351700000,101564800000,102450000000,102445800000,103375500000,104336700000,103445500000,100958100000,105126400000,103130900000,106368900000,113434800000
Qatar,QAT,GDP (current US$),NY.GDP.MKTP.CD,23533791208.7912,31734065934.0659,44530494505.4945,60882142857.1429,79712087912.0879,115270054945.055,97798351648.3516,125122306346.154,167775268626.374,186833502362.637,198727642967.033,206224598571.429,161739955576.923,151732181868.132,161099122225.275,183334953818.681,176371267689.082,144411363345.27,179732009554.846,236258302839.653
Romania,ROU,GDP (current US$),NY.GDP.MKTP.CD,57806384143.166,74973656851.8076,98454380120.0761,122023735992.706,174588782938.583,214317202478.266,174102268534.84,170029359010.667,192613579705.885,179132893143.417,189789258566.244,199713780259.318,177883883008.747,185287630540.431,210147163769.848,243316029944.056,251017797625.017,251362514349.697,285810244501.933,300691354864.855
Russian Federation,RUS,GDP (current US$),NY.GDP.MKTP.CD,430347420184.885,591016690732.385,764015973481.11,989932071352.543,1299703478481.65,1660848058303.11,1222645900055.7,1524916715223.95,2045922753398.04,2208293553878.42,2292470078346.22,2059241589895.01,1363482182197.71,1276786350881.14,1574199360089,1657328773461.31,1693115002708.32,1493075894362.14,1836892075547.52,2240422427458.58
Rwanda,RWA,GDP (current US$),NY.GDP.MKTP.CD,2138354521.02184,2376642785.76983,2933999088.59914,3319974269.10464,4070746222.26691,5180228095.99803,5674899033.27806,6125216482.26839,6885492660.83242,7655465589.74669,7820741499.0814,8239766320.0954,8544621756.79813,8696069807.42495,9252834120.39358,9636254325.02444,10346326599.029,10172303393.0612,11054517345.7109,13311487445.0686
Samoa,WSM,GDP (current US$),NY.GDP.MKTP.CD,333426188.41876,407747565.096959,476801793.159429,499923757.780736,573548459.833372,641346191.664776,628006115.424052,680260907.153983,744097050.169115,773141661.165548,797736334.281305,796683519.593842,824150498.653536,843924796.697421,884844384.463214,878448433.404342,912950466.064906,868898358.266437,843923638.733018,832945205.637185
San Marino,SMR,GDP (current US$),NY.GDP.MKTP.CD,1464326160.8154,1723750000,1785847531.40157,1908167105.75837,2185874623.59704,2393437820.41892,2056126701.86163,1881191949.98998,1813717694.56092,1604701051.1653,1678741201.5731,1673910988.24105,1419400403.82788,1468342430.7393,1528621195.4832,1655354303.86998,1616188702.33964,1541247883.99351,1855382833.1165,..
Sao Tome and Principe,STP,GDP (current US$),NY.GDP.MKTP.CD,102085769.123419,114582283.916382,136450662.390592,142775104.081626,149146918.888611,188021165.00338,200668065.03175,190021192.489536,226455001.243083,229371348.202606,267041747.584354,293119143.246825,259999643.047388,292267272.196925,322002845.229335,383717327.830508,412976064.479214,471229484.607144,524402450.755612,542686976.457587
Saudi Arabia,SAU,GDP (current US$),NY.GDP.MKTP.CD,215807655244.424,258742263029.008,328459700124.064,376900135720.729,415964583059.205,519796738631.128,429097899279.013,528207298529.872,676634577273.045,741849984943.256,753864543430.248,766605946720.427,669484381328.891,665999879694.192,714994694991.651,846583791842.629,838564705295.139,734271183944.989,874156115900.131,1108571517285.38
Senegal,SEN,GDP (current US$),NY.GDP.MKTP.CD,8768721563.18211,10076816666.6196,11009033437.939,11697918243.0035,13994218412.9619,16853989627.548,16145867494.9405,16121315909.0758,17814283639.3119,17660870411.5235,18918667724.8817,19797253440.2679,17774766696.1759,19040312333.1864,20996562943.5979,23116701556.1381,23403995992.1354,24530513037.7518,27569136729.9023,27684264748.2324
Serbia,SRB,GDP (current US$),NY.GDP.MKTP.CD,22482365321.7656,26141968161.0924,27683225959.2468,32482070360.3204,43170990616.4729,52194221468.5007,45162894380.9318,41819468691.8251,49258136128.9672,43309252921.0567,48394239474.6762,47062202418.8864,39655949731.3816,40692661657.284,44179075778.9267,50640662859.4987,51514242938.6734,53356484591.4378,63101069561.2193,63563401043.5044
Seychelles,SYC,GDP (current US$),NY.GDP.MKTP.CD,750847230.099263,893012218.181818,977899381.818182,1081441283.31798,1077308813.82945,979597394.293453,851064347.087496,981917973.654922,1059249931.66967,1089880685.4713,1324915185.0959,1387576450.14334,1391427967.33495,1458954073.30681,1529773473.31153,1588050311.16454,1645090567.04612,1183515314.03478,1286687308.25807,1588438144.37685
Sierra Leone,SLE,GDP (current US$),NY.GDP.MKTP.CD,1369685676.56203,1430217080.66487,1627058424.93809,1862116290.541,2126679543.58623,2451896435.20157,2419014960.19967,2578159803.94597,2932274309.3957,3789251613.36066,4920343316.87093,5015180725.3416,4252029353.82191,3862721266.02162,3719443418.26155,4085114387.55605,4076578698.79107,4062906265.7332,4249234704.01866,4094563859.43556
Singapore,SGP,GDP (current US$),NY.GDP.MKTP.CD,97646401095.6369,115033593101.049,127807848728.398,148627286361.351,180941701357.97,193617323539.203,194150283771.566,239807980591.24,279356499090.458,295092888076.589,307576360584.992,314863580758.455,307998545269.398,319030057631.089,343272878686.388,376869492498.009,376837580397.579,348392090695.217,423797100521.555,466788426791.966
Sint Maarten (Dutch part),SXM,GDP (current US$),NY.GDP.MKTP.CD,..,..,..,..,..,..,..,..,936089385.47486,985865921.787709,1022905027.93296,1361811520.80425,1417888712.18062,1427017201.87971,1353212141.44053,1259200442.69574,1407880465.5512,1236428075.42112,1353071060.2652,1537088724.46126
Slovak Republic,SVK,GDP (current US$),NY.GDP.MKTP.CD,46919965224.1497,57437444469.087,62808723476.719,70767338922.4411,86563986799.2505,100879902984.983,89399303222.155,91162836320.3502,99922685424.8835,94623731085.6106,98935222174.8603,101437045019.901,88900883130.8374,89952699524.894,95649966260.9802,106137924015.593,105711680180.565,106731482855.496,118576482542.583,115461711688.965
Slovenia,SVN,GDP (current US$),NY.GDP.MKTP.CD,29634713641.0968,34414784504.2352,36206395970.6504,39481045038.2637,48067401207.3978,55779427739.6609,50567734885.9613,48208240226.4501,51583869785.1849,46577793184.0031,48415657264.8758,49997186439.0916,43107506024.3254,44766722790.5826,48589100043.0954,54177882425.8431,54386654313.9685,53734526854.2289,61832201543.8285,60063475466.3446
Solomon Islands,SLB,GDP (current US$),NY.GDP.MKTP.CD,417668983.408349,468005318.551977,552864570.225819,617258154.260133,695295347.621537,776337691.795098,805557562.580059,898133684.898793,1063895360.69907,1185215418.25562,1285911586.132,1335571420.72676,1307909887.55212,1379490304.2254,1469789119.08756,1615478393.28614,1619155017.3924,1536145814.17007,1580303515.40945,1597204340.62902
Somalia,SOM,GDP (current US$),NY.GDP.MKTP.CD,..,..,..,..,..,..,..,..,..,..,5836021227.47436,6537360532.64205,6984947145.09369,7390796616.53029,8252394373.29875,8278212314.40591,9420431258.24667,9204140383.17507,9838711529.45863,10419541202.0382
South Africa,ZAF,GDP (current US$),NY.GDP.MKTP.CD,197018965308.697,255806908594.573,288867217196.534,303858675363.643,333077117253.684,316131258616.309,329754060647.129,417363822801.713,458199494830.834,434400545085.811,400886013595.573,381198869776.106,346709790458.563,323585509674.481,381448814654.62,405260723892.868,389330032221.07,338291396025.956,420117812463.841,405270850099.387
South Sudan,SSD,GDP (current US$),NY.GDP.MKTP.CD,..,..,..,..,..,14586253383.0632,12231264525.0671,14602072410.9506,14907308932.7534,11931472169.4915,18426469016.9492,13962212847.4576,11997800760.2242,..,..,..,..,..,..,..
Spain,ESP,GDP (current US$),NY.GDP.MKTP.CD,907491523174.116,1069055675273.75,1153715822717.51,1260398977831.76,1474002579820,1631863493552.34,1491472923706.64,1422108199783.34,1480710495710.12,1324750738725,1355579535912.55,1371820537888.62,1196156971279.69,1233554967011.68,1313245330197.65,1421702715218.04,1394320055129.41,1278128867875.49,1445651653604.63,1417800466262.65
Sri Lanka,LKA,GDP (current US$),NY.GDP.MKTP.CD,18881765437.2151,20662525941.2985,24405791044.7761,28279802405.9138,32350238760.4239,40713826215.0093,42066224093.0065,58636161081.712,67753284043.9282,70447216891.3366,77000578167.353,82528535713.926,85140955388.8509,88012282205.8357,94376237797.2367,94493871200.7869,89014978344.1404,84440516486.1099,88548049121.4972,74403578363.4355
St. Kitts and Nevis,KNA,GDP (current US$),NY.GDP.MKTP.CD,469869869.86987,506900000,547203703.703704,644414814.814815,689285185.185185,777691333.333333,774273111.111111,778718518.518518,836092592.592593,825381481.481481,874896296.296296,953166666.666667,957025925.925926,1007348148.14815,1058366666.66667,1076240740.74074,1107155555.55556,883933333.333333,858592592.592592,965638864.921867
St. Lucia,LCA,GDP (current US$),NY.GDP.MKTP.CD,987407407.407407,1066666666.66667,1135555555.55556,1268319185.18519,1336088814.81481,1437731111.11111,1401507888.88889,1482385185.18519,1568370370.37037,1598207407.40741,1660222222.22222,1749288888.88889,1807225925.92593,1865459259.25926,1996711111.11111,2057066666.66667,2102534000,1604444444.44444,1961111111.11111,2343703703.7037
St. Martin (French part),MAF,GDP (current US$),NY.GDP.MKTP.CD,..,..,..,..,..,..,..,..,775875748.523832,..,..,772921958.529509,..,..,..,..,652206037.103874,..,649206262.847519,..
St. Vincent and the Grenadines,VCT,GDP (current US$),NY.GDP.MKTP.CD,509090888.888889,549900185.185185,579948925.925926,643501148.148148,713596666.666667,732663259.259259,714300259.259259,720447888.888889,713796370.37037,730032592.592593,764781259.259259,770900000,786555555.555555,814303703.703704,844037037.037037,884329629.62963,910766666.666667,869111111.111111,872222222.222222,948559259.259259
Sudan,SDN,GDP (current US$),NY.GDP.MKTP.CD,21355298459.5955,26646007250.7319,35182711987.974,45263831634.1497,59440139774.8128,64833083257.1431,58315355287.1065,74151154444.4256,78402830324.5307,63196242385.161,66027141578.0612,76818769321.3038,84984666745.108,102943509633.573,129718581297.431,32333780383.2924,32338079165.2893,27034593750,34229513773.9708,51662241775.0629
Suriname,SUR,GDP (current US$),NY.GDP.MKTP.CD,1274190311.41869,1484092538.40527,1793410397.38738,2626380435.17877,2936612021.85792,3532969034.60838,3875409836.06557,4368370997.92126,4422276621.78703,4980000000,5145757575.75758,5240606060.60606,5126237646.22072,3317421648.09918,3591679430.99988,3996198866.57453,4016040575.08796,2911807496.20227,3081401725.88833,3620987993.32637
Sweden,SWE,GDP (current US$),NY.GDP.MKTP.CD,334337212322.076,385118044877.465,392218088878.779,423093437423.762,491252589217.021,517706149201.196,436537014293.554,495812558843.31,574094112972.733,552483727282.802,586841821796.891,581964017237.095,505103781349.757,515654671469.547,541018749769.097,555455371487.089,533879529188.454,547054174235.876,639714956069.468,591188594776.551
Switzerland,CHE,GDP (current US$),NY.GDP.MKTP.CD,362075086507.76,403912891033.374,418284865884.998,441634672196.523,490740715594.802,567267767519.158,554212916092.271,598851028906.58,715888126682.396,686420221557.99,706234937370.968,726537808338,694118186379.628,687895460902.713,695200833086.499,725568717468.001,721369112726.724,741999406005.627,813408787222.499,818426550206.45
Syrian Arab Republic,SYR,GDP (current US$),NY.GDP.MKTP.CD,95693808463.2517,112863340757.238,134203830734.967,153799910913.14,180030111358.575,218089977728.285,224561692650.334,252518218262.806,67539428159.4474,43190318032.5627,21361254634.9336,21502061466.067,16468399173.0006,12598742889.2732,16369724424.2585,21496337948.9175,22600896342.9399,11156757922.0385,8969512933.38826,..
Tajikistan,TJK,GDP (current US$),NY.GDP.MKTP.CD,1555318430.74928,2076176636.45758,2312352267.96248,2830213562.63077,3719524180.7389,5161299725.27673,4979471963.83187,5642221528.6282,6522755783.43972,7633036366.08862,8448410727.21353,9112606074.45562,8271431932.39205,6992416096.89018,7536403146.65439,7765000282.26569,8300813889.60795,8133963813.07025,8937805347.13963,10492123387.7931
Tanzania,TZA,GDP (current US$),NY.GDP.MKTP.CD,15216719215.2206,16678796641.9005,18395383647.4975,18619859795.2852,21860434823.4808,27947821397.9272,29400573553.6075,32012892919.37,34657140096.4836,39650394362.9287,45648857242.315,49986726460.6805,47413919817.124,49774409374.4538,53274884532.7886,57003712892.0858,61026731925.9213,66068737786.0639,70655628147.8986,75732311666.039
Thailand,THA,GDP (current US$),NY.GDP.MKTP.CD,152280615245.887,172895685154.658,189318408468.595,221758296021.621,262942621455.053,291382982430.951,281710630187.319,341104766329.17,370818739623.622,397558325278.579,420333654592.547,407339040197.651,401296238228.084,413366349747.508,456356813536.764,506754208404.485,543976691793.886,500457264955.763,505568063988.806,495423343049.622
Timor-Leste,TLS,GDP (current US$),NY.GDP.MKTP.CD,490439100,440772000,462268000,453792400,542795400,648523600,726937800,881909300,1042534600,1160555000,1395727400,1447535200,1595205100,1652603700,1598208400,1566157200,2027034000,2162619200,3621958000,3204753000
Togo,TGO,GDP (current US$),NY.GDP.MKTP.CD,2115836258.25578,2259992505.14896,2281483015.5667,2351584495.8792,3759962853.26476,4578847112.70688,4721888275.26937,4746386893.22553,5422439152.10906,5413541649.14901,6021729629.82454,6393314707.85456,5755457836.01866,6071167584.1951,6387424239.8801,7029215766.46367,6992654019.28876,7486031561.86885,8443112143.23844,8341225241.45693
Tonga,TON,GDP (current US$),NY.GDP.MKTP.CD,202246591.215502,230657627.231323,261803684.241754,292230662.399012,298519024.14082,344436582.075764,312377678.83941,366832215.189578,414533117.692299,470705196.432659,450650633.04135,439877614.419206,437003078.563584,420548712.433288,460374354.847247,488906838.594866,512053692.078675,484796854.918756,469228219.665791,..
Trinidad and Tobago,TTO,GDP (current US$),NY.GDP.MKTP.CD,11305459802.0683,13280275123.0354,15982282462.3786,18369361094.3886,21641620049.9352,27871587349.5413,19172165225.5015,22157948396.2042,25433011405.3017,27334581560.2837,28709988700.2142,29699968760.7278,27026080986.578,23713671528.1421,24040299977.8745,24569079488.3913,23775754304.6652,20807571314.3043,24496505940.6673,30053575132.142
Tunisia,TUN,GDP (current US$),NY.GDP.MKTP.CD,27453902261.4629,31183885241.4396,32272186694.8043,34376664600.5898,38915353866.757,44859439902.2191,43455740497.3061,46206091937.9628,48123325825.0739,47311401812.6733,48685446413.953,50271812920.612,45779494041.9295,44360072680.4476,42163530590.9462,42686580020.8322,41905540184.424,42538289933.2162,46687293140.3377,46303552449.3542
Turkiye,TUR,GDP (current US$),NY.GDP.MKTP.CD,314595572145.767,408865430220.331,506314717661.655,557076157773.479,681321124295.914,770449132861.373,649289324627.732,776967266305.53,838785289694.35,880555885492.269,957799120008.32,938934609296.966,864313810469.009,869682881593.041,858988492853.742,778972199727.859,761005946788.221,720338498174.744,819865253669.661,907118435952.688
Turkmenistan,TKM,GDP (current US$),NY.GDP.MKTP.CD,5977440582.80171,6838351088.46688,8103901996.37024,10276674364.8961,12664165103.1895,19271523178.8079,20214385964.9123,22583157894.7368,29233333333.3333,35164210526.3158,39197543859.6491,43524210526.3158,35799714285.7143,36169428571.4286,37926285714.2857,40765428571.4286,45232857142.8571,45818000000,50007428571.4286,56542857142.8571
Turks and Caicos Islands,TCA,GDP (current US$),NY.GDP.MKTP.CD,409753600,485598800,578645800,721891500,773489700,862683600,703175800,686787800,728789600,727161000,754238000,841070000,942070000,1032452000,1022365000,1113178000,1197415000,924583000,1044778790,1138808881.1
Tuvalu,TUV,GDP (current US$),NY.GDP.MKTP.CD,19456338.0318228,22798274.9795551,22909979.8163078,24096875.4635825,28450168.692765,31874434.857882,28076983.9703819,32105408.4771121,39196957.4908996,39345579.4723758,38615890.6320745,38760982.6540096,36811936.0824587,41629064.2232388,45276595.3533146,48015259.8751356,54123198.5662913,51746594.3148543,60196405.7138393,59065979.0227679
Uganda,UGA,GDP (current US$),NY.GDP.MKTP.CD,6606884275.23087,7939487547.77384,9239221763.05793,9977647682.96954,11902564494.8833,14440404132.2047,25127805566.6584,26673441430.7857,27871725241.4723,27305915910.7877,28915786516.6123,32612397257.4458,32387183730.1002,29203988696.2626,30744473841.424,32927025619.6795,35348155095.4215,37605430214.3519,40510241365.8914,45567304608.4764
Ukraine,UKR,GDP (current US$),NY.GDP.MKTP.CD,52010355753.0461,67220154164.3166,89238865118.5263,111884752475.248,148733861386.139,188110390659.515,121552153444.124,141209170427.233,169333835201.554,182591753827.949,190498811460.028,133503871861.723,91030967789.0717,93355869403.9223,112090505081.739,130891088293.55,153883047509.577,156617722013.342,199765859570.935,160502737251.047
United Arab Emirates,ARE,GDP (current US$),NY.GDP.MKTP.CD,124346358066.712,147824370319.946,180617467964.602,222116541865.214,257916133424.098,315474615738.598,253547358747.447,300189052694.029,360832739558.385,384610125384.033,400218529747.597,414105366758.911,370275469560.166,369255326235.771,390516804016.501,427049432149.345,417989721734.494,349473015336.939,415178792769.884,507063968273.313
United Kingdom,GBR,GDP (current US$),NY.GDP.MKTP.CD,2054422857142.86,2421525082387.4,2543180000000,2708441582336.71,3090510204081.63,2929411764705.88,2412840006231.5,2485482596184.71,2663805834828.07,2707089726614.64,2784853502534.29,3064708247921.43,2927911140916.73,2689106566899.61,2680148052335.3,2871340347581.79,2851407164907.81,2697806592293.86,3141506156618.7,3089072722400.14
United States,USA,GDP (current US$),NY.GDP.MKTP.CD,11456442041000,12217193198000,13039199193000,13815586948000,14474226905000,14769857911000,14478064934000,15048964444000,15599728123000,16253972230000,16843190993000,17550680174000,18206020741000,18695110842000,19477336549000,20533057312000,21380976119000,21060473613000,23315080560000,25439700000000
Uruguay,URY,GDP (current US$),NY.GDP.MKTP.CD,12045638351.8507,13686329890.1191,17362857683.8545,19741420739.8901,23797773024.3992,31119602538.8322,32708319077.5179,41950361211.9581,50342406067.0777,54232266358.7811,61337621933.7857,61496186973.902,57680327998.6689,57480788380.312,65006047680.3225,65203071817.9812,62048585618.505,53666908053.7655,61412268248.9461,71177146197.4951
Uzbekistan,UZB,GDP (current US$),NY.GDP.MKTP.CD,10134453435.4603,12030023547.8807,14307509838.8053,17330833852.919,22311393927.8817,29549438883.8338,33689223673.2577,49765676402.4495,60178909297.208,67517349212.0609,73180037911.4173,80845385816.4497,86196264741.8842,86138288632.5513,62081322740.0162,52870108217.2949,60283503705.3907,60224701296.7885,69600614987.3509,80391853887.4049
Vanuatu,VUT,GDP (current US$),NY.GDP.MKTP.CD,314471413.001776,364996869.129618,394962433.029368,439358586.535588,516392922.513728,590748429.401902,592622319.145664,670712979.682038,770153588.218833,747839697.746593,758304466.245339,772315983.81843,730870802.967051,780889605.899977,880061833.690341,914736985.430944,936526267.622513,909421043.508407,971636097.850666,1055811723.74753
"Venezuela, RB",VEN,GDP (current US$),NY.GDP.MKTP.CD,83620628582.1082,112451400424.964,145513489651.872,183477522123.894,230364012575.687,315953388510.678,329787628928.471,393192354510.653,316482190800.364,381286237847.667,371005379786.566,482359318767.703,..,..,..,..,..,..,..,..
Viet Nam,VNM,GDP (current US$),NY.GDP.MKTP.CD,39552513231.9169,45427854693.2554,57633255738.1992,66371664817.0436,77414425532.2452,99130304099.1274,106014659565.214,147201173196.979,172595049183.925,195590661129.249,213708811665.34,233451469642.519,239258328381.741,257096001177.982,281353605986.903,310106478394.659,334365270496.667,346615738537.796,366137569122.215,408802378904.838
Virgin Islands (U.S.),VIR,GDP (current US$),NY.GDP.MKTP.CD,3443000000,3797000000,4428000000,4484000000,4784000000,4244000000,4201000000,4324000000,4223000000,4089000000,3738000000,3565000000,3663000000,3798000000,3794000000,3923000000,4121000000,4189000000,4444000000,..
West Bank and Gaza,PSE,GDP (current US$),NY.GDP.MKTP.CD,3968000000,4603100000,5125700000,5348300000,5815700000,7310400000,8085700000,9681500000,11186100000,12208400000,13515500000,13989700000,13972400000,15405400000,16128000000,16276600000,17133500000,15531700000,18109000000,19111900000
"Yemen, Rep.",YEM,GDP (current US$),NY.GDP.MKTP.CD,11777532683.2358,13867634396.2337,16731566688.396,19063143369.858,21650528638.3687,26910855851.5641,25130278253.5659,30906749533.221,32726417878.2943,35401331609.4492,40415233436.0816,43228585321.3875,42444489460.8016,31317824906.4394,26842228804.5628,21606160777.1719,..,..,..,..
Zambia,ZMB,GDP (current US$),NY.GDP.MKTP.CD,4901869764.05957,6221110219.45542,8331870169.14977,12756858899.2812,14056957976.2648,17910858637.9048,15328342303.9575,20265559483.8548,23459515275.5776,25503060420.026,28037239462.7142,27141023558.0829,21251216798.7762,20958412538.3093,25873601260.8353,26311507273.6735,23308667781.2258,18110638269.2238,22096416933.7902,29163782138.3415
Zimbabwe,ZWE,GDP (current US$),NY.GDP.MKTP.CD,5727591800,5805598400,5755215200,5443896500,5291950100,4415702800,9665793300,12041655200,14101920300,17114849900,19091020000,19495519600,19963120600,20548678100,17584890936.6523,34156069918.0609,21832234921.1762,21509698406.6618,28371238665.8646,27366627153.0852
,,,,,,,,,,,,,,,,,,,,,,,
,,,,,,,,,,,,,,,,,,,,,,,
,,,,,,,,,,,,,,,,,,,,,,,
Data from database: World Development Indicators,,,,,,,,,,,,,,,,,,,,,,,
Last Updated: 12/18/2023,,,,,,,,,,,,,,,,,,,,,,,
