Country,year,GDP (current US$),GDP_per_capita,GDP_per_capita_annual_ growth
Afghanistan,2015,19134221745,566.8811327,-1.666416415
Albania,2015,11386853113,3952.803574,2.516827054
Algeria,2015,1.66E+11,4197.419985,1.646657261
American Samoa,2015,673000000,13101.54182,4.854442301
Andorra,2015,2789882569,38885.54859,1.257416013
Angola,2015,90496420626,3217.339244,-2.64297533
Antigua and Barbuda,2015,1437755556,15985.54114,0.649980301
Argentina,2015,5.95E+11,13789.06042,1.629664279
Armenia,2015,10553337518,3666.141822,3.606369078
Aruba,2015,2962907263,28419.26453,-1.255588342
Australia,2015,1.35E+12,56758.8692,0.741438844
Austria,2015,3.82E+11,44195.81759,-0.11154019
Azerbaijan,2015,53076235355,5500.503646,-0.103121365
"Bahamas, The",2015,11672900000,29724.95334,0.079104883
Bahrain,2015,31050638298,22795.44886,-1.352381521
Bangladesh,2015,1.95E+11,1236.004392,5.291060808
Barbados,2015,4734000000,17023.69436,2.208565274
Belarus,2015,56454889147,5967.06856,-3.957343643
Belgium,2015,4.62E+11,41008.29672,1.451893368
Belize,2015,2194709309,6098.60008,1.063864853
Benin,2015,11388160997,1041.652523,-1.181684836
Bermuda,2015,6654541000,102005.6256,0.622598427
Bhutan,2015,2003596839,2695.636924,5.649806271
Bolivia,2015,33000198249,2975.648811,3.220538823
Bosnia and Herzegovina,2015,16404348871,4654.60862,5.698303515
Botswana,2015,13530748845,5869.737579,-6.700302342
Brazil,2015,1.80E+12,8783.215424,-4.358317179
Brunei Darussalam,2015,12930291488,30681.43397,-1.522384232
Bulgaria,2015,50811995689,7078.860323,4.059411408
Burkina Faso,2015,11832159316,632.1266858,0.877785605
Burundi,2015,3104003546,289.3596272,-5.980495612
Cabo Verde,2015,1749857620,3169.078901,-0.177226393
Cambodia,2015,18049954289,1170.742816,5.531684684
Cameroon,2015,32210233020,1399.675336,2.392797413
Canada,2015,1.56E+12,43596.13554,-0.089285801
Cayman Islands,2015,4708167233,77295.84529,0.550605419
Central African Republic,2015,1695825714,351.8797548,3.891158828
Chad,2015,10950392257,774.4116031,-0.453003769
Channel Islands,2015,0,0,0
Chile,2015,2.42E+11,13567.35722,1.105758381
China,2015,1.11E+13,8016.445595,6.420736478
Colombia,2015,2.93E+11,6228.651622,1.990616494
Comoros,2015,966029599.8,1322.936775,-1.014068958
"Congo, Dem. Rep.",2015,37917706497,482.0645686,3.353084347
"Congo, Rep.",2015,12434829581,2455.34791,-1.954714357
Costa Rica,2015,56441920821,11529.95517,2.573178611
Cote d'Ivoire,2015,45815005171,1941.581898,4.463889962
Croatia,2015,50857353544,12098.51203,3.370931842
Cuba,2015,87132800000,7683.740254,4.365870759
Curacao,2015,3058779212,19361.81296,-0.858779715
Cyprus,2015,19842492367,23408.44141,4.009426772
Czechia,2015,1.88E+11,17829.69832,5.181402654
Denmark,2015,3.03E+11,53254.85637,1.622166258
Djibouti,2015,2424391785,2409.311902,5.69115555
Dominica,2015,540737037,7724.042411,-3.615168468
Dominican Republic,2015,71164826837,6838.936746,5.655742243
Ecuador,2015,99290381000,6130.586676,-1.371519259
"Egypt, Arab Rep.",2015,3.29E+11,3370.382447,2.095538306
El Salvador,2015,23438240000,3761.51368,2.046016356
Equatorial Guinea,2015,13185496881,9788.983804,-12.60468504
Estonia,2015,22890762090,17402.03761,1.786274694
Eswatini,2015,4063245671,3583.31129,1.499857603
Ethiopia,2015,64589328551,630.3126194,7.456695097
Faroe Islands,2015,2573905971,52726.68738,0.250331565
Fiji,2015,4682479912,5105.189612,4.314345961
Finland,2015,2.35E+11,42801.90812,0.21302942
France,2015,2.44E+12,36652.92231,0.754024352
French Polynesia,2015,5325846362,18252.5142,0.998225296
Gabon,2015,14383107763,7090.454634,0.721232639
"Gambia, The",2015,1378176609,611.6712191,1.097050489
Georgia,2015,14953673796,4014.111651,2.864456604
Germany,2015,3.36E+12,41103.25644,0.617105353
Ghana,2015,49406009812,1711.271317,-0.265332917
Greece,2015,1.96E+11,18083.87791,0.463652786
Greenland,2015,2499113023,44536.35497,-2.214918882
Grenada,2015,997007407.4,8379.621847,5.543417928
Guam,2015,5799000000,34522.37793,0.564587368
Guatemala,2015,62186064719,3994.629085,2.346295146
Guinea,2015,8794202394,756.4255898,1.212553188
Guinea-Bissau,2015,1048229633,585.9570126,3.428104905
Guyana,2015,4279840194,5668.429765,0.165185137
Haiti,2015,14849629408,1405.714786,-0.049590688
Honduras,2015,20979791685,2257.225284,1.97813209
"Hong Kong SAR, China",2015,3.09E+11,42432.16197,1.520022544
Hungary,2015,1.25E+11,12717.0386,3.954282613
Iceland,2015,17517210519,52951.68151,3.354145333
India,2015,2.10E+12,1590.174331,6.721067635
Indonesia,2015,8.61E+11,3322.581679,3.717745469
"Iran, Islamic Rep.",2015,4.08E+11,4990.936795,-3.629417164
Iraq,2015,1.67E+11,4416.942924,1.917912089
Ireland,2015,2.92E+11,62179.26427,23.30469344
Isle of Man,2015,7084795708,84753.45673,-0.024726272
Israel,2015,3.03E+11,36206.52222,0.475269155
Italy,2015,1.84E+12,30242.38614,0.875477402
Jamaica,2015,14188936958,5077.550984,0.56387602
Japan,2015,4.44E+12,34960.63938,1.668465117
Jordan,2015,38587017887,4064.25301,-6.53100718
Kazakhstan,2015,1.84E+11,10510.77032,-0.268267117
Kenya,2015,70120446897,1496.653573,2.683317425
Kiribati,2015,170292316.8,1459.143983,8.244125163
"Korea, Rep.",2015,1.47E+12,28737.43917,2.268429401
Kosovo,2015,6295848423,3520.782075,7.371828742
Kuwait,2015,1.15E+11,29315.19851,-3.194174418
Kyrgyz Republic,2015,6678177512,1121.082696,1.75886441
Lao PDR,2015,14426381187,2125.459057,5.753411005
Latvia,2015,27263090547,13786.4568,4.739182606
Lebanon,2015,49929337837,7802.751368,-1.493847611
Lesotho,2015,2359686725,1113.836835,1.990905886
Liberia,2015,3227075700,699.6629469,-2.033029839
Libya,2015,48717506273,7867.515731,-2.355436924
Liechtenstein,2015,6268515276,167809.2699,2.988912971
Lithuania,2015,41435533340,14263.96458,-0.115476306
Luxembourg,2015,60071584216,105462.0126,-22.92684929
"Macao SAR, China",2015,45048190598,73220.63556,0.497287786
Madagascar,2015,11323020701,455.6380346,0.002403032
Malawi,2015,9219474379,544.2768727,3.527534436
Malaysia,2015,3.01E+11,9699.600463,-0.52627321
Maldives,2015,4129505320,9480.431514,2.882860607
Mali,2015,13104764378,723.5042049,7.023412441
Malta,2015,11091483660,24921.71418,4.185510711
Marshall Islands,2015,182997300,3703.649059,2.62469076
Mauritania,2015,6166863897,1562.726836,3.553356966
Mauritius,2015,12007291046,9507.871337,1.510744661
Mexico,2015,1.21E+12,10098.17318,4.203251189
"Micronesia, Fed. Sts.",2015,316489900,2891.322103,0.429158888
Moldova,2015,7798692878,2749.913038,3.009249664
Monaco,2015,6261649891,170338.6804,0.241383712
Mongolia,2015,11619892591,3919.351213,3.332384578
Montenegro,2015,4054730078,6517.192675,3.022429876
Morocco,2015,1.10E+11,3139.228271,4.174322974
Mozambique,2015,16208985770,603.8385138,6.137642786
Myanmar,2015,59687411769,1159.340201,2.450710978
Namibia,2015,11335161084,4965.672765,-7.726824166
Nauru,2015,84863440.58,7587.25441,3.417884303
Nepal,2015,24360801338,882.3076634,1.508266184
Netherlands,2015,7.66E+11,45193.40322,0
New Caledonia,2015,8738203074,32428.57223,1.64567825
New Zealand,2015,1.78E+11,38630.72659,3.296628126
Nicaragua,2015,12756685522,2025.321432,0.471154424
Niger,2015,9683867926,481.1113011,0.076961617
Nigeria,2015,4.93E+11,2679.554223,3.717656603
North Macedonia,2015,10064519963,4861.55616,4.069818527
Northern Mariana Islands,2015,910000000,17665.10075,0.848799124
Norway,2015,3.88E+11,74809.9658,0.444638517
Oman,2015,78710793238,18777.43306,2.875424595
Pakistan,2015,3.00E+11,1421.835278,7.551150341
Palau,2015,280457700,15761.36338,3.907928881
Panama,2015,54091800000,13669.55944,3.902031266
Papua New Guinea,2015,21723437010,2502.073445,1.503457647
Paraguay,2015,36211447840,5861.401895,2.048956732
Peru,2015,1.90E+11,6180.119268,4.587218251
Philippines,2015,3.06E+11,2974.296917,4.452883998
Poland,2015,4.77E+11,12560.05142,2.214482885
Portugal,2015,1.99E+11,19250.10654,0.706704569
Puerto Rico,2015,1.03E+11,29763.4883,-3.928099196
Qatar,2015,1.62E+11,66984.9102,3.646553566
Romania,2015,1.78E+11,8976.954489,-2.183885472
Russian Federation,2015,1.36E+12,9313.021484,6.29030595
Rwanda,2015,8544621757,733.8874728,2.924962048
Samoa,2015,824150498.7,4048.467113,1.739978528
San Marino,2015,1419400404,42281.81125,-0.29143919
Sao Tome and Principe,2015,259999643,1292.733055,2.694521078
Saudi Arabia,2015,6.69E+11,20442.36606,3.508054186
Senegal,2015,17774766696,1238.1264,2.311015889
Serbia,2015,39655949731,5588.979444,1.896972423
Seychelles,2015,1391427967,14894.48578,-22.38331483
Sierra Leone,2015,4252029354,581.2934118,1.762324686
Singapore,2015,3.08E+11,55645.60686,-2.833548195
Sint Maarten (Dutch part),2015,1417888712,36519.99259,5.06728463
Slovak Republic,2015,88900883131,16390.88217,2.133258028
Slovenia,2015,43107506024,20890.16643,-0.860529804
Solomon Islands,2015,1307909888,2134.805418,6.314864259
Somalia,2015,6984947145,507.4829155,-0.757928114
South Africa,2015,3.47E+11,6204.929901,3.919117265
Spain,2015,1.20E+12,25754.36103,3.731046585
Sri Lanka,2015,85140955389,3990.353117,0.711907425
St. Kitts and Nevis,2015,957025925.9,20025.65235,-0.364901739
St. Lucia,2015,1807225926,10290.37157,1.695059966
St. Vincent and the Grenadines,2015,786555555.6,7386.746638,3.200168935
Sudan,2015,84984666745,2226.409424,-1.207998062
Suriname,2015,5126237646,8907.837258,-4.383405011
Sweden,2015,5.05E+11,51545.48361,3.390176296
Switzerland,2015,6.94E+11,83806.4476,0.494129822
Syrian Arab Republic,2015,16468399173,857.4978671,0.146192499
Tajikistan,2015,8271431932,970.3625997,3.560193553
Tanzania,2015,47413919817,929.7998047,2.685367285
Thailand,2015,4.01E+11,5708.794091,2.644812515
Timor-Leste,2015,1595205100,1322.929094,1.008435643
Togo,2015,5755457836,770.1433793,2.859340497
Tonga,2015,437003078.6,4117.931047,1.652378933
Trinidad and Tobago,2015,27026080987,18508.7705,-1.424113701
Tunisia,2015,45779494042,3960.924849,-0.157752712
Turkiye,2015,8.64E+11,11049.99511,4.678595993
Turkmenistan,2015,35799714286,6208.296655,4.592543895
Turks and Caicos Islands,2015,942070000,25783.2941,6.583542399
Tuvalu,2015,36811936.08,3384.383201,10.63999724
Uganda,2015,32387183730,864.1800593,1.98592377
Ukraine,2015,91030967789,2124.662598,-9.443832191
United Arab Emirates,2015,3.70E+11,41525.1389,5.817357874
United Kingdom,2015,2.93E+12,44964.39114,1.413498683
United States,2015,1.82E+13,56762.72945,1.953004118
Uruguay,2015,57680327999,16950.75317,0.041679877
Uzbekistan,2015,86196264742,2753.971058,5.364816968
Vanuatu,2015,730870803,2643.886886,-1.997430873
Viet Nam,2015,2.39E+11,2595.234844,5.877849305
Virgin Islands (U.S.),2015,3663000000,34007.35294,-0.267922316
West Bank and Gaza,2015,13972400000,3272.154324,1.372585088
"Yemen, Rep.",2015,42444489461,1488.416267,-29.92176129
Zambia,2015,21251216799,1307.909649,-0.312861216
Zimbabwe,2015,19963120600,1410.329173,-0.132759722
Afghanistan,2016,18116572399,523.0530121,-0.345802497
Albania,2016,11861199831,4124.05539,3.480293217
Algeria,2016,1.60E+11,3967.200647,1.163147579
American Samoa,2016,671000000,13300.82461,0.113644342
Andorra,2016,2896611879,39931.23626,2.574504588
Angola,2016,52761617226,1809.709377,-6.011890778
Antigua and Barbuda,2016,1489692593,16449.05915,3.383651477
Argentina,2016,5.58E+11,12790.26414,-3.110063898
Armenia,2016,10546136236,3679.952347,0.646135943
Aruba,2016,2983635196,28449.71295,1.121182099
Australia,2016,1.21E+12,49918.79393,1.186265851
Austria,2016,3.96E+11,45307.58786,0.89246914
Azerbaijan,2016,37866996883,3880.685228,-4.17717168
"Bahamas, The",2016,11750800000,29675.53589,-1.5847359
Bahrain,2016,32234973404,22867.18112,0.06723301
Bangladesh,2016,2.65E+11,1659.962496,5.803210397
Barbados,2016,4843300000,17381.36509,2.326724771
Belarus,2016,47723545321,5039.775609,-2.611299318
Belgium,2016,4.76E+11,42012.62272,0.755268919
Belize,2016,2240593543,6099.957102,-2.036875814
Benin,2016,11821065852,1049.820303,0.335852248
Bermuda,2016,6899911000,106885.8785,0.3938692
Bhutan,2016,2158971711,2879.546564,7.191508662
Bolivia,2016,33941126194,3013.502707,2.663074214
Bosnia and Herzegovina,2016,17116926328,4917.263766,4.527613112
Botswana,2016,15082636723,6411.551666,5.051373153
Brazil,2016,1.80E+12,8680.736469,-4.057423002
Brunei Darussalam,2016,11400466356,26762.03504,-3.521143982
Bulgaria,2016,53964253212,7570.931655,3.751778785
Burkina Faso,2016,12833363045,665.7863286,2.893498327
Burundi,2016,2644487777,242.5395273,-2.20613383
Cabo Verde,2016,1849789986,3312.696745,3.117628741
Cambodia,2016,20016747858,1281.105971,5.516206231
Cameroon,2016,33814337044,1426.065481,1.454232674
Canada,2016,1.53E+12,42315.60371,-0.135842621
Cayman Islands,2016,4909322237,78858.28026,1.011164998
Central African Republic,2016,1825018145,372.1354561,2.938099239
Chad,2016,10097778098,691.9800774,-9.161225856
Channel Islands,2016,9511207129,58093.99606,0
Chile,2016,2.49E+11,13788.24002,0.550297851
China,2016,1.12E+13,8094.390167,6.238215447
Colombia,2016,2.83E+11,5936.261022,1.002272725
Comoros,2016,1012835493,1357.266229,1.102932073
"Congo, Dem. Rep.",2016,37134801555,456.0279506,-1.088996024
"Congo, Rep.",2016,10931247265,2107.503024,-10.84078143
Costa Rica,2016,58847019610,11899.81398,3.15151339
Cote d'Ivoire,2016,48407761032,1999.195372,4.442361059
Croatia,2016,52512987756,12579.9227,4.288081175
Cuba,2016,91370407864,8055.925868,0.494073392
Curacao,2016,3024690188,18944.09628,-2.111161329
Cyprus,2016,20952955488,24605.34961,6.085872068
Czechia,2016,1.96E+11,18575.23203,2.340552261
Denmark,2016,3.13E+11,54663.99837,2.443368874
Djibouti,2016,2604955229,2545.738799,5.34352223
Dominica,2016,576229629.6,8223.04145,2.663927282
Dominican Republic,2016,75704647878,7191.069703,5.425601523
Ecuador,2016,99937696000,6079.088736,-2.690499476
"Egypt, Arab Rep.",2016,3.32E+11,3331.612461,2.192208627
El Salvador,2016,24191430000,3870.312982,2.220085315
Equatorial Guinea,2016,11240808847,8035.307666,-12.20283544
Estonia,2016,24072829277,18295.34293,3.125538305
Eswatini,2016,3816019193,3339.990401,0.302953769
Ethiopia,2016,74296745208,705.6175085,6.501211497
Faroe Islands,2016,2813278869,56833.91654,0.067786059
Fiji,2016,4930213634,5368.433492,2.315025215
Finland,2016,2.41E+11,43814.02651,2.516379895
France,2016,2.47E+12,37062.53357,0.829056665
French Polynesia,2016,5497036477,18726.63947,1.757953554
Gabon,2016,14023890265,6722.198223,-0.731650626
"Gambia, The",2016,1484578886,640.6762653,-0.875473407
Georgia,2016,15141598623,4062.126978,2.844902055
Germany,2016,3.47E+12,42136.12079,1.408102075
Ghana,2016,56164928691,1900.397674,0.983231575
Greece,2016,1.93E+11,17923.96681,-0.072424584
Greenland,2016,2707139544,48181.74535,4.547808581
Grenada,2016,1061640741,8849.513535,2.88696863
Guam,2016,5901000000,35052.80791,-0.037011602
Guatemala,2016,66053403469,4173.281349,0.989365749
Guinea,2016,8595955600,720.4732552,7.987763805
Guinea-Bissau,2016,1179004911,642.6663901,3.619604132
Guyana,2016,4482697337,5905.380196,3.252785926
Haiti,2016,14069277533,1313.186095,0.386161159
Honduras,2016,21717604952,2295.53627,2.066839346
"Hong Kong SAR, China",2016,3.21E+11,43734.19807,1.544534591
Hungary,2016,1.29E+11,13104.69955,2.503053362
Iceland,2016,20793168031,61987.92636,4.838299214
India,2016,2.29E+12,1714.279537,6.980989699
Indonesia,2016,9.32E+11,3558.818852,3.926698091
"Iran, Islamic Rep.",2016,4.58E+11,5497.243233,6.835675353
Iraq,2016,1.67E+11,4305.202702,11.02301619
Ireland,2016,2.99E+11,62784.06569,0.623252101
Isle of Man,2016,6846373277,82041.62105,7.135576098
Israel,2016,3.22E+11,37690.47395,2.492643711
Italy,2016,1.88E+12,30960.73151,1.465690444
Jamaica,2016,14077096714,5022.700192,1.076815428
Japan,2016,5.00E+12,39375.47316,0.805362825
Jordan,2016,39892551127,4003.404746,-2.820745287
Kazakhstan,2016,1.37E+11,7714.841844,-0.327514634
Kenya,2016,74815144164,1562.076619,1.943668144
Kiribati,2016,178507954.9,1506.231003,-1.994793049
"Korea, Rep.",2016,1.50E+12,29280.44032,2.539144729
Kosovo,2016,6682677290,3759.472855,6.203640691
Kuwait,2016,1.09E+11,27026.68766,-0.61701596
Kyrgyz Republic,2016,6813095379,1120.667058,2.231805266
Lao PDR,2016,15912495369,2309.049076,5.408586405
Latvia,2016,28083597512,14331.75159,3.308434398
Lebanon,2016,51147308774,8172.299476,3.831447224
Lesotho,2016,2131522791,994.2397641,2.383745829
Liberia,2016,3398419600,722.1312268,-3.51645551
Libya,2016,49912085228,7945.00605,-2.901590108
Liechtenstein,2016,6237302034,165845.9952,3.829841264
Lithuania,2016,43047309306,15008.31324,2.739791802
Luxembourg,2016,62216885436,106899.2935,-2.493524397
"Macao SAR, China",2016,45070808689,71919.05492,1.338346026
Madagascar,2016,11848613858,464.6161584,-0.248244189
Malawi,2016,7909868618,454.4432661,2.933762254
Malaysia,2016,3.01E+11,9555.669593,2.192060284
Maldives,2016,4409942623,9708.141348,2.528448295
Mali,2016,14026048336,750.0518091,1.042315636
Malta,2016,11668015566,25623.94163,4.429005844
Marshall Islands,2016,200716000,4153.117176,-1.379893045
Mauritania,2016,6398747592,1579.200717,3.791130707
Mauritius,2016,12594155464,9965.725311,0.625682743
Mexico,2016,1.11E+12,9152.737223,0.47519262
"Micronesia, Fed. Sts.",2016,332265200,3022.653627,5.870175764
Moldova,2016,7982450758,2847.635069,2.100307102
Monaco,2016,6465645585,174412.4945,-0.681209924
Mongolia,2016,11181350649,3690.756778,2.925458009
Montenegro,2016,4376930578,7033.439624,-0.722002651
Morocco,2016,1.12E+11,3132.952148,1.471585754
Mozambique,2016,12069051237,435.760991,5.203403637
Myanmar,2016,63216143490,1218.217034,-1.716337978
Namibia,2016,10722018732,4614.892075,5.620354988
Nauru,2016,97541943.04,8528.630151,-0.471182004
Nepal,2016,24524109484,880.2248936,1.649315547
Netherlands,2016,7.84E+11,46039.10593,0
New Caledonia,2016,8724568955,32286.9105,1.496324547
New Zealand,2016,1.89E+11,40058.19616,3.079609173
Nicaragua,2016,13286101285,2079.451027,1.729851533
Niger,2016,10398861982,497.0361208,-4.052706362
Nigeria,2016,4.05E+11,2144.780344,2.735853223
North Macedonia,2016,10672467073,5149.586764,30.17490099
Northern Mariana Islands,2016,1230000000,24054.91561,0.277407784
Norway,2016,3.71E+11,70867.361,0.119161082
Oman,2016,75128738622,17082.2062,5.298324299
Pakistan,2016,3.14E+11,1468.822082,-0.206754779
Palau,2016,298300000,16743.37674,3.148432759
Panama,2016,57907700000,14382.23238,2.917343102
Papua New Guinea,2016,20758876953,2332.675888,2.792759759
Paraguay,2016,36089700223,5759.042198,2.547867082
Peru,2016,1.92E+11,6163.860425,5.265571276
Philippines,2016,3.19E+11,3038.152037,2.997773055
Poland,2016,4.70E+11,12378.81176,2.341823216
Portugal,2016,2.06E+11,19991.97249,0.666133348
Puerto Rico,2016,1.04E+11,30627.1634,-4.107862468
Qatar,2016,1.52E+11,58467.23557,3.449295219
Romania,2016,1.85E+11,9404.381259,0.01024792
Russian Federation,2016,1.28E+12,8704.894531,3.413260785
Rwanda,2016,8696069807,728.8696189,6.947334634
Samoa,2016,843924796.7,4105.810905,1.545832738
San Marino,2016,1468342431,43398.42853,3.373778771
Sao Tome and Principe,2016,292267272.2,1428.257908,0.321643717
Saudi Arabia,2016,6.66E+11,19930.40754,3.506889188
Senegal,2016,19040312333,1290.749971,3.88118476
Serbia,2016,40692661657,5765.203352,3.708269353
Seychelles,2016,1458954073,15409.80463,3.804537567
Sierra Leone,2016,3862721266,515.4478396,2.266173007
Singapore,2016,3.19E+11,56895.65831,-1.922156295
Sint Maarten (Dutch part),2016,1427017202,35703.09995,1.812607028
Slovak Republic,2016,89952699525,16563.4405,3.116346601
Slovenia,2016,44766722791,21678.35947,2.959649581
Solomon Islands,2016,1379490304,2196.283891,2.485820895
Somalia,2016,7390796617,517.0975815,-0.309171167
South Africa,2016,3.24E+11,5735.066787,2.950815909
Spain,2016,1.23E+12,26537.15949,4.618234851
Sri Lanka,2016,88012282206,4107.829775,3.927007342
St. Kitts and Nevis,2016,1007348148,21079.52097,2.964690667
St. Lucia,2016,1865459259,10574.38658,5.630404183
St. Vincent and the Grenadines,2016,814303703.7,7684.79284,4.659799484
Sudan,2016,1.03E+11,2614.294434,0.29878369
Suriname,2016,3317421648,5705.399487,-5.893360629
Sweden,2016,5.16E+11,51965.15715,0.7961463
Switzerland,2016,6.88E+11,82153.07454,0.960131673
Syrian Arab Republic,2016,12598742889,664.3416724,-5.216546919
Tajikistan,2016,6992416097,801.39384,4.434283622
Tanzania,2016,49774409374,942.8890381,3.232143551
Thailand,2016,4.13E+11,5854.463908,2.977158499
Timor-Leste,2016,1652603700,1349.546777,1.785527392
Togo,2016,6071167584,792.4405509,1.655892692
Tonga,2016,420548712.4,3978.437686,6.989392521
Trinidad and Tobago,2016,23713671528,16139.10526,-8.103170334
Tunisia,2016,44360072680,3796.1096,0.010796228
Turkiye,2016,8.70E+11,10970.04589,1.94225846
Turkmenistan,2016,36169428571,6163.253406,4.351811629
Turks and Caicos Islands,2016,1032452000,26995.03216,2.461528916
Tuvalu,2016,41629064.22,3836.073003,5.903789581
Uganda,2016,29203988696,753.6844055,1.344186747
Ukraine,2016,93355869404,2187.727539,2.854802608
United Arab Emirates,2016,3.69E+11,41054.53957,4.65350539
United Kingdom,2016,2.69E+12,40985.23514,1.15154933
United States,2016,1.87E+13,57866.74493,0.933375362
Uruguay,2016,57480788380,16837.94038,1.363677415
Uzbekistan,2016,86138288633,2704.677189,4.106072763
Vanuatu,2016,780889605.9,2757.203306,2.182595853
Viet Nam,2016,2.57E+11,2760.717101,5.618680103
Virgin Islands (U.S.),2016,3798000000,35324.97489,1.786070569
West Bank and Gaza,2016,15405400000,3527.613824,6.446661461
"Yemen, Rep.",2016,31317824906,1069.816997,-11.72001834
Zambia,2016,20958412538,1249.923143,0.561270608
Zimbabwe,2016,20548678100,1421.787791,-1.177892602
Afghanistan,2017,18753456507,526.1408013,-0.253593782
Albania,2017,13019726212,4531.032207,3.898112267
Algeria,2017,1.70E+11,4134.936087,-0.663171195
American Samoa,2017,612000000,12372.88478,-5.135339886
Andorra,2017,3000160415,40632.20898,-1.41657902
Angola,2017,73690155047,2439.374441,-3.630695038
Antigua and Barbuda,2017,1531151852,16803.87023,1.839235757
Argentina,2017,6.44E+11,14613.03565,1.757648183
Armenia,2017,11527458709,4041.995071,8.024397049
Aruba,2017,3092429050,29329.08175,6.474908497
Australia,2017,1.33E+12,53954.55349,0.647495219
Austria,2017,4.17E+11,47429.15846,1.550724086
Azerbaijan,2017,40866627352,4147.198142,-0.778416126
"Bahamas, The",2017,12253500000,30708.98702,1.742036663
Bahrain,2017,35473776596,24349.90987,0.913957633
Bangladesh,2017,2.94E+11,1815.610262,5.26645987
Barbados,2017,4992300000,17881.56325,0.269025425
Belarus,2017,54725302250,5785.533977,2.644247088
Belgium,2017,5.03E+11,44198.48239,1.228866236
Belize,2017,2266664817,6049.391948,-3.747261339
Benin,2017,12701655846,1095.274459,2.603556527
Bermuda,2017,7142316000,111820.5815,4.716102205
Bhutan,2017,2591358114,3427.173845,3.771571241
Bolivia,2017,37508642171,3280.008214,2.623303336
Bosnia and Herzegovina,2017,18326373366,5327.392304,4.473386407
Botswana,2017,16105156376,6705.341062,1.971944389
Brazil,2017,2.06E+12,9896.718895,0.523296589
Brunei Darussalam,2017,12128183904,28186.98674,0.320205439
Bulgaria,2017,59309748166,8381.881346,3.499175549
Burkina Faso,2017,14106955615,711.1845434,3.203256836
Burundi,2017,2723586963,244.1454222,-1.772646486
Cabo Verde,2017,1996741540,3534.343575,3.33731044
Cambodia,2017,22177200588,1400.899265,5.60387546
Cameroon,2017,36098547033,1479.862222,0.648212634
Canada,2017,1.65E+12,45129.4293,1.811278917
Cayman Islands,2017,5166281305,81255.11246,1.032113036
Central African Republic,2017,2072349973,414.7403223,2.590923501
Chad,2017,10000394381,662.897473,-6.160905135
Channel Islands,2017,9530244530,57683.8939,1.044054678
Chile,2017,2.76E+11,15034.05843,-0.213266442
China,2017,1.23E+13,8817.045608,6.3018631
Colombia,2017,3.12E+11,6449.970987,-0.161953875
Comoros,2017,1077439756,1414.586689,1.712361833
"Congo, Dem. Rep.",2017,38019264795,451.0890885,0.216643095
"Congo, Rep.",2017,11834406801,2227.720139,-7.825309864
Costa Rica,2017,60516044657,12118.13362,3.143265986
Cote d'Ivoire,2017,52512344034,2113.341525,4.668461262
Croatia,2017,56061675144,13592.25452,4.648482011
Cuba,2017,96850649692,8543.330067,1.860147022
Curacao,2017,3033433248,18938.2441,-1.59116394
Cyprus,2017,22870678689,26608.69531,4.754519504
Czechia,2017,2.19E+11,20636.19995,4.889722042
Denmark,2017,3.32E+11,57610.09818,2.162355113
Djibouti,2017,2762581334,2655.73322,3.737482068
Dominica,2017,521551851.9,7408.091301,-7.054046687
Dominican Republic,2017,79998046306,7513.497982,3.490477238
Ecuador,2017,1.04E+11,6246.404252,0.790527393
"Egypt, Arab Rep.",2017,2.48E+11,2439.967284,2.128743381
El Salvador,2017,24979190000,3986.049014,2.022208427
Equatorial Guinea,2017,12200913888,8410.39798,-9.033697437
Estonia,2017,26924385103,20437.76538,5.664039082
Eswatini,2017,4402969226,3824.046783,1.240947186
Ethiopia,2017,81770886826,755.7526443,6.622789071
Faroe Islands,2017,2980057378,59328.23766,2.009917292
Fiji,2017,5353469171,5825.199665,5.279080313
Finland,2017,2.56E+11,46412.13648,2.950531373
France,2017,2.60E+12,38781.04949,1.994998447
French Polynesia,2017,5833352693,19743.95902,3.700104261
Gabon,2017,14929487485,6975.695192,-2.062816754
"Gambia, The",2017,1504909463,632.0010242,2.006307675
Georgia,2017,16242645072,4356.928016,4.828569855
Germany,2017,3.69E+12,44652.58917,2.297206047
Ghana,2017,60405920072,1998.722666,5.739078113
Greece,2017,2.00E+11,18582.08934,1.29229029
Greenland,2017,2851613679,50765.74947,0.077664774
Grenada,2017,1125685185,9309.261296,3.613848425
Guam,2017,6013000000,35663.02504,0.734521662
Guatemala,2017,71653754066,4454.024509,1.415648841
Guinea,2017,10324668271,843.4642792,7.508405646
Guinea-Bissau,2017,1350177012,718.2457378,3.368203928
Guyana,2017,4748174334,6220.978568,3.168421418
Haiti,2017,15093357143,1389.358623,1.097732862
Honduras,2017,23136247991,2403.306088,3.034580835
"Hong Kong SAR, China",2017,3.41E+11,46160.42979,3.001473021
Hungary,2017,1.43E+11,14621.2396,4.549563298
Iceland,2017,24728285177,72010.14903,1.779410135
India,2017,2.65E+12,1957.969813,5.568333518
Indonesia,2017,1.02E+12,3839.785075,4.017625608
"Iran, Islamic Rep.",2017,4.87E+11,5758.590728,1.300705004
Iraq,2017,1.87E+11,4725.193573,-4.10746397
Ireland,2017,3.37E+11,70150.73702,8.127668762
Isle of Man,2017,6979791187,83510.30375,2.677808897
Israel,2017,3.58E+11,41114.78171,2.27442978
Italy,2017,1.96E+12,32406.72032,1.820333852
Jamaica,2017,14808985171,5273.149027,0.792818277
Japan,2017,4.93E+12,38834.05293,1.758611802
Jordan,2017,41608435915,4073.116403,-0.041500685
Kazakhstan,2017,1.67E+11,9247.580679,2.693432136
Kenya,2017,82036510877,1675.988422,1.603146616
Kiribati,2017,188540710.2,1566.447136,-1.353029644
"Korea, Rep.",2017,1.62E+12,31600.73587,2.870196962
Kosovo,2017,7180764703,4009.353811,4.038675108
Kuwait,2017,1.21E+11,29258.26633,-6.486673741
Kyrgyz Republic,2017,7702938379,1242.77022,2.734091891
Lao PDR,2017,17071162084,2439.463355,5.26492844
Latvia,2017,30483806018,15695.11515,4.232116165
Lebanon,2017,53027680686,8679.897422,3.370037953
Lesotho,2017,2306185472,1062.456192,-4.33164643
Liberia,2017,3390703400,706.892692,0.521366332
Libya,2017,67157451661,10529.11627,30.49630138
Liechtenstein,2017,6474308718,170875.6821,5.751046557
Lithuania,2017,47758736932,16885.40739,-1.116112962
Luxembourg,2017,65712180343,110193.2138,7.809255426
"Macao SAR, China",2017,50383871121,78896.27475,1.281905439
Madagascar,2017,13176313594,503.4980587,1.234158599
Malawi,2017,8943543677,500.1655472,4.325630335
Malaysia,2017,3.19E+11,9979.704473,2.932716493
Maldives,2017,4816426260,10194.74615,1.972295116
Mali,2017,15365713048,795.6828016,7.874134262
Malta,2017,13484541926,28813.18534,6.244320152
Marshall Islands,2017,212701200,4507.622862,3.508415554
Mauritania,2017,6800135898,1634.642158,3.844308006
Mauritius,2017,13713506131,10841.68478,0.777009678
Mexico,2017,1.19E+12,9693.330091,2.212616951
"Micronesia, Fed. Sts.",2017,366666800,3320.354976,5.990411998
Moldova,2017,9519053158,3454.95469,-2.973453936
Monaco,2017,6431271365,173611.6879,3.368742242
Mongolia,2017,11480847741,3708.248221,4.704687527
Montenegro,2017,4856599481,7803.358245,3.792277024
Morocco,2017,1.19E+11,3288.502686,-0.497934417
Mozambique,2017,13264640646,464.2947213,5.332314339
Myanmar,2017,66055090634,1263.285263,-2.75101363
Namibia,2017,12895153160,5453.570623,-8.442792647
Nauru,2017,109355638.9,9361.037397,7.731269077
Nepal,2017,28971588880,1027.965474,2.304284733
Netherlands,2017,8.34E+11,48675.22234,0
New Caledonia,2017,9174048682,33876.32909,1.384501516
New Zealand,2017,2.07E+11,42910.97284,3.156794402
Nicaragua,2017,13785924374,2127.282818,1.06279579
Niger,2017,11185104252,514.543398,-1.709873092
Nigeria,2017,3.76E+11,1941.879479,0.983736425
North Macedonia,2017,11307067070,5450.497069,24.15164944
Northern Mariana Islands,2017,1560000000,30751.64107,1.639507145
Norway,2017,4.02E+11,76131.8384,-2.871323812
Oman,2017,80856697009,17802.57512,3.05478922
Pakistan,2017,3.39E+11,1567.640612,-4.191741627
Palau,2017,285600000,16011.66115,3.793677976
Panama,2017,62202700000,15185.97248,1.085312169
Papua New Guinea,2017,22742699138,2495.140773,3.345815987
Paraguay,2017,38997129474,6136.058301,0.985513944
Peru,2017,2.11E+11,6676.308793,5.064393253
Philippines,2017,3.28E+11,3077.434419,5.126896815
Poland,2017,5.25E+11,13815.49995,3.759094389
Portugal,2017,2.21E+11,21490.42986,-0.509099449
Puerto Rico,2017,1.03E+11,31108.75275,-5.732609622
Qatar,2017,1.61E+11,59407.69805,8.823700768
Romania,2017,2.10E+11,10727.97086,1.709385694
Russian Federation,2017,1.57E+12,10720.33203,1.384345748
Rwanda,2017,9252834120,756.5476411,0.387482106
Samoa,2017,884844384.5,4261.640343,-0.395285594
San Marino,2017,1528621195,44885.51784,2.409414678
Sao Tome and Principe,2017,322002845.2,1547.82271,-2.3400685
Saudi Arabia,2017,7.15E+11,20910.48296,4.527490631
Senegal,2017,20996562944,1385.199214,2.645985862
Serbia,2017,44179075779,6292.546549,1.536235037
Seychelles,2017,1529773473,15961.24363,1.271949466
Sierra Leone,2017,3719443418,484.4561288,4.452147342
Singapore,2017,3.43E+11,61164.89736,-8.91395956
Sint Maarten (Dutch part),2017,1353212141,33351.70655,2.778454293
Slovak Republic,2017,95649966261,17585.197,4.747106183
Slovenia,2017,48589100043,23514.02546,0.587961871
Solomon Islands,2017,1469789119,2283.579051,5.29105138
Somalia,2017,8252394373,555.1851236,0.766941613
South Africa,2017,3.81E+11,6734.475153,2.734475155
Spain,2017,1.31E+12,28185.32137,6.058144821
Sri Lanka,2017,94376237797,4388.201906,0.02439448
St. Kitts and Nevis,2017,1058366667,22148.51243,2.949342021
St. Lucia,2017,1996711111,11270.47471,-7.159902597
St. Vincent and the Grenadines,2017,844037037,7996.636984,1.946408814
Sudan,2017,1.30E+11,3188.769287,-2.515686387
Suriname,2017,3591679431,6112.883014,0.512884174
Sweden,2017,5.41E+11,53791.50873,1.195147571
Switzerland,2017,6.95E+11,82254.37693,0.421326163
Syrian Arab Republic,2017,16369724424,862.3190633,-0.823278239
Tajikistan,2017,7536403147,844.3652498,4.697657314
Tanzania,2017,53274884533,975.9046631,3.250343681
Thailand,2017,4.56E+11,6436.78966,3.749843744
Timor-Leste,2017,1598208400,1285.523976,-4.599308222
Togo,2017,6387424240,813.3950065,1.472334016
Tonga,2017,460374354.8,4367.256603,3.608636124
Trinidad and Tobago,2017,24040299978,16258.74893,-5.398109573
Tunisia,2017,42163530591,3569.718839,1.14914306
Turkiye,2017,8.59E+11,10695.5502,6.116958888
Turkmenistan,2017,37926285714,6354.53283,4.718773372
Turks and Caicos Islands,2017,1022365000,25659.19586,-6.400986738
Tuvalu,2017,45276595.35,4181.436586,2.675467241
Uganda,2017,30744473841,766.177604,-0.412239332
Ukraine,2017,1.12E+11,2638.325439,2.810645471
United Arab Emirates,2017,3.91E+11,43063.96748,-0.087326072
United Kingdom,2017,2.68E+12,40572.12148,1.960020994
United States,2017,1.95E+13,59907.75426,1.59713559
Uruguay,2017,65006047680,18995.39702,1.489637689
Uzbekistan,2017,62081322740,1916.764625,2.652484733
Vanuatu,2017,880061833.7,3032.19703,3.745446327
Viet Nam,2017,2.81E+11,2992.071532,5.909240973
Virgin Islands (U.S.),2017,3794000000,35365.0693,-0.517853882
West Bank and Gaza,2017,16128000000,3620.360487,-0.577622802
"Yemen, Rep.",2017,26842228805,893.7164929,-7.475113136
Zambia,2017,25873601261,1495.752138,0.331284092
Zimbabwe,2017,17584890937,1192.107012,1.974845568
Afghanistan,2018,18053222735,492.0906323,-1.688576593
Albania,2018,15156424015,5287.660801,4.276311551
Algeria,2018,1.75E+11,4171.790388,-0.707950481
American Samoa,2018,639000000,13195.9359,4.874061125
Andorra,2018,3218418632,42904.81159,-0.003870296
Angola,2018,79450688232,2540.508878,-4.676669584
Antigua and Barbuda,2018,1661529630,18133.8226,6.361375194
Argentina,2018,5.25E+11,11795.16275,-3.601609757
Armenia,2018,12457940695,4391.92327,5.769882149
Aruba,2018,3276184358,30918.48358,1.876401377
Australia,2018,1.43E+12,57273.52048,1.378345353
Austria,2018,4.55E+11,51466.55656,1.92771306
Azerbaijan,2018,47112470052,4739.794312,0.624486168
"Bahamas, The",2018,12653600000,31483.97884,2.179272839
Bahrain,2018,37802005319,25415.84662,0.016786109
Bangladesh,2018,3.21E+11,1963.412492,6.080232975
Barbados,2018,5110250000,18271.25225,-1.049283021
Belarus,2018,60031173808,6360.053101,3.37043437
Belgium,2018,5.43E+11,47544.98115,1.330652227
Belize,2018,2292787336,6001.024262,-0.894543697
Benin,2018,14262408080,1194.438214,3.624262545
Bermuda,2018,7225977000,113050.7369,-0.5028993
Bhutan,2018,2583335724,3389.777303,2.690394433
Bolivia,2018,40287647931,3471.006951,2.684797339
Bosnia and Herzegovina,2018,20484053869,6024.49315,5.045838146
Botswana,2018,17031943186,6947.817841,2.081346124
Brazil,2018,1.92E+12,9121.020995,0.978938493
Brunei Darussalam,2018,13566937674,31240.50179,-0.868860057
Bulgaria,2018,66370132238,9447.655897,3.439130063
Burkina Faso,2018,15890066221,779.2027686,3.693513328
Burundi,2018,2667182200,232.0606166,-1.377139622
Cabo Verde,2018,2205099507,3860.454808,2.57258285
Cambodia,2018,24571753583,1533.315985,6.164475986
Cameroon,2018,39973842087,1594.06011,1.121795214
Canada,2018,1.73E+12,46548.63841,1.335564285
Cayman Islands,2018,5530178441,85231.77425,2.173372972
Central African Republic,2018,2220979146,435.9322966,1.792220305
Chad,2018,11239167898,720.2651014,-1.026526888
Channel Islands,2018,10422948632,62316.21995,-0.182625837
Chile,2018,2.96E+11,15820.03336,2.139078181
China,2018,1.39E+13,9905.406383,6.251700556
Colombia,2018,3.34E+11,6782.03792,0.638439616
Comoros,2018,1188797450,1531.337811,1.686721598
"Congo, Dem. Rep.",2018,47568210010,546.2125932,2.413839975
"Congo, Rep.",2018,14773806078,2715.243105,-4.615554763
Costa Rica,2018,62420164992,12383.14995,1.661308308
Cote d'Ivoire,2018,58522477745,2295.540335,2.186608497
Croatia,2018,61481309636,15040.03692,3.743125706
Cuba,2018,1.00E+11,8831.910409,2.321609164
Curacao,2018,3046364820,19119.12449,-1.588630619
Cyprus,2018,25523485043,29335.04688,4.366951173
Czechia,2018,2.49E+11,23424.48046,2.875468527
Denmark,2018,3.57E+11,61591.92887,1.485085157
Djibouti,2018,2913466732,2755.838293,3.09308758
Dominica,2018,554770370.4,7833.195013,2.933518572
Dominican Republic,2018,85555390139,7947.159331,5.807049827
Ecuador,2018,1.08E+11,6321.349401,-0.608002129
"Egypt, Arab Rep.",2018,2.63E+11,2531.200079,3.349815022
El Salvador,2018,26020850000,4145.862351,2.262762328
Equatorial Guinea,2018,13097012124,8719.18687,-9.444845259
Estonia,2018,30624720196,23165.84948,3.423619058
Eswatini,2018,4666598024,4021.445556,1.582707546
Ethiopia,2018,84269196626,758.2976945,3.998440256
Faroe Islands,2018,3188600927,62576.80164,1.269862914
Fiji,2018,5581425325,6073.394579,3.814949115
Finland,2018,2.76E+11,49987.62616,1.00565417
France,2018,2.79E+12,41557.85486,1.500539123
French Polynesia,2018,6135116253,20614.89437,1.094308381
Gabon,2018,16867326402,7694.906051,-1.544872184
"Gambia, The",2018,1670671328,683.3246328,4.439494294
Georgia,2018,17596922470,4722.042423,4.883854929
Germany,2018,3.97E+12,47939.27829,0.678212594
Ghana,2018,67298913752,2180.029684,3.96954738
Greece,2018,2.12E+11,19756.99046,1.874903163
Greenland,2018,3055782146,54545.13586,0.890684741
Grenada,2018,1166514815,9574.310271,3.575975753
Guam,2018,6056000000,35902.7259,-0.834568542
Guatemala,2018,73328365862,4485.752135,1.765136399
Guinea,2018,11857030367,944.4172687,3.697806526
Guinea-Bissau,2018,1504630234,781.6443676,-1.090777898
Guyana,2018,4787637006,6094.909837,1.480986515
Haiti,2018,16403864522,1489.578406,0.293353843
Honduras,2018,24067750760,2457.686042,2.084618588
"Hong Kong SAR, China",2018,3.62E+11,48537.56689,2.02719224
Hungary,2018,1.61E+11,16425.20503,5.496018792
Iceland,2018,26260850582,74452.18907,2.11737324
India,2018,2.70E+12,1974.377731,5.302408674
Indonesia,2018,1.04E+12,3902.661676,4.162984291
"Iran, Islamic Rep.",2018,3.30E+11,3850.751253,-3.113491709
Iraq,2018,2.27E+11,5601.467061,0.182367803
Ireland,2018,3.87E+11,79446.93911,7.134773397
Isle of Man,2018,7491654051,89425.89139,1.975479486
Israel,2018,3.77E+11,42406.84543,2.084470629
Italy,2018,2.09E+12,34622.16967,1.11781662
Jamaica,2018,15730792836,5594.493573,1.764583024
Japan,2018,5.04E+12,39751.1331,0.771168471
Jordan,2018,43370860704,4146.407311,-0.463136174
Kazakhstan,2018,1.79E+11,9812.625431,2.740536373
Kenya,2018,92202979985,1845.783414,3.522084435
Kiribati,2018,196501525.7,1607.229825,3.480975127
"Korea, Rep.",2018,1.73E+12,33447.15628,2.462246216
Kosovo,2018,7878759715,4384.18868,3.056664723
Kuwait,2018,1.38E+11,32012.18752,-2.128275932
Kyrgyz Republic,2018,8271106235,1308.139785,1.713209106
Lao PDR,2018,18141651381,2553.361866,4.646555619
Latvia,2018,34429023435,17865.03109,4.803913925
Lebanon,2018,54901519156,9225.845155,0.727150842
Lesotho,2018,2556247292,1162.978854,-2.708754074
Liberia,2018,3422754800,700.0370394,-0.76155482
Libya,2018,76686048497,11838.29871,6.282836896
Liechtenstein,2018,6692620692,175286.679,4.990353856
Lithuania,2018,53751411409,19186.35959,-0.714325922
Luxembourg,2018,71000359760,116786.5117,4.381327289
"Macao SAR, China",2018,55190661340,84779.45369,0.592066853
Madagascar,2018,13760033282,512.5439915,1.625495537
Malawi,2018,9880675786,537.9322041,3.472766705
Malaysia,2018,3.59E+11,11073.97897,4.825914398
Maldives,2018,5404344159,11034.7236,1.473176725
Mali,2018,17070867590,856.3565966,3.730076267
Malta,2018,15404393365,31785.88483,8.411602098
Marshall Islands,2018,219430038.5,4771.359204,2.056475375
Mauritania,2018,7473550557,1749.954236,3.950035487
Mauritius,2018,14735695931,11643.4606,1.006248836
Mexico,2018,1.26E+12,10130.3207,-0.23913578
"Micronesia, Fed. Sts.",2018,401932300,3623.329337,5.920367182
Moldova,2018,11253727815,4156.9575,5.82319716
Monaco,2018,7182444410,193968.0901,5.430572573
Mongolia,2018,13178094720,4165.022821,5.102544398
Montenegro,2018,5506942238,8850.374925,1.899445896
Morocco,2018,1.27E+11,3492.672607,0.479848749
Mozambique,2018,15017358751,510.3799965,5.506798087
Myanmar,2018,67855845007,1288.418087,-0.668554265
Namibia,2018,13682018827,5687.381043,5.730517701
Nauru,2018,130995566.3,10985.8744,6.401863283
Nepal,2018,33111525183,1161.53435,1.764937264
Netherlands,2018,9.14E+11,53044.53244,3.857644611
New Caledonia,2018,9896402284,36495.19594,1.687308055
New Zealand,2018,2.12E+11,43236.88669,-4.711010142
Nicaragua,2018,13025234959,1981.858367,3.226622469
Niger,2018,12837307497,568.5996597,-0.590389271
Nigeria,2018,4.22E+11,2125.834491,2.795615119
North Macedonia,2018,12683068114,6108.73917,-18.58678216
Northern Mariana Islands,2018,1301000000,25862.75445,0.165560772
Norway,2018,4.40E+11,82792.84271,-0.018356673
Oman,2018,91505851756,19887.57431,4.532445206
Pakistan,2018,3.56E+11,1620.742591,1.256592006
Palau,2018,288546281.3,16152.38923,1.963037727
Panama,2018,67294169200,16156.07429,-2.571319961
Papua New Guinea,2018,24109780708,2584.327802,1.795951631
Paraguay,2018,40225448341,6242.961454,2.037249793
Peru,2018,2.23E+11,6912.103988,4.548700918
Philippines,2018,3.47E+11,3194.672701,5.945420508
Poland,2018,5.89E+11,15504.50894,3.01412373
Portugal,2018,2.42E+11,23562.55452,-0.409307044
Puerto Rico,2018,1.01E+11,31615.06679,-0.776739175
Qatar,2018,1.83E+11,66264.08117,6.653765808
Romania,2018,2.43E+11,12494.42358,2.815524107
Russian Federation,2018,1.66E+12,11287.35449,5.925179406
Rwanda,2018,9636254325,768.9436612,-1.591222875
Samoa,2018,878448433.4,4189.052191,1.196757217
San Marino,2018,1655354304,48464.52465,2.744391173
Sao Tome and Principe,2018,383717327.8,1815.605495,0.341212854
Saudi Arabia,2018,8.47E+11,24175.58331,3.364821604
Senegal,2018,23116701556,1484.22707,5.067594881
Serbia,2018,50640662859,7252.403668,2.721722753
Seychelles,2018,1588050311,16411.92112,1.054769013
Sierra Leone,2018,4085114388,519.6499639,3.090075215
Singapore,2018,3.77E+11,66836.522,-7.588098153
Sint Maarten (Dutch part),2018,1259200443,30791.06108,3.886398879
Slovak Republic,2018,1.06E+11,19486.39368,4.076316305
Slovenia,2018,54177882426,26123.74713,0.312349383
Solomon Islands,2018,1615478393,2450.482888,-0.660791771
Somalia,2018,8278212314,537.1592902,0.319770421
South Africa,2018,4.05E+11,7067.724165,1.837460464
Spain,2018,1.42E+12,30379.72111,1.539633134
Sri Lanka,2018,94493871201,4360.584735,2.104115613
St. Kitts and Nevis,2018,1076240741,22533.88205,2.461467538
St. Lucia,2018,2057066667,11563.83043,-6.249793218
St. Vincent and the Grenadines,2018,884329629.6,8399.707731,3.438252032
Sudan,2018,32333780383,769.8691406,-5.737812284
Suriname,2018,3996198867,6730.836961,3.860103265
Sweden,2018,5.55E+11,54589.06039,0.772577449
Switzerland,2018,7.26E+11,85217.36915,2.10552472
Syrian Arab Republic,2018,21496337949,1111.872092,-0.442849729
Tajikistan,2018,7765000282,850.6669582,5.211722398
Tanzania,2018,57003712892,1011.600159,2.164184804
Thailand,2018,5.07E+11,7124.55881,3.886439661
Timor-Leste,2018,1566157200,1241.164485,-2.157407703
Togo,2018,7029215766,873.5548872,2.270152902
Tonga,2018,488906838.6,4649.613301,0.493856828
Trinidad and Tobago,2018,24569079488,16328.12689,-2.326673105
Tunisia,2018,42686580021,3577.175342,1.579179371
Turkiye,2018,7.79E+11,9568.83619,1.62818524
Turkmenistan,2018,40765428571,6721.34954,4.507069544
Turks and Caicos Islands,2018,1113178000,26831.97146,1.428470263
Tuvalu,2018,48015259.88,4419.259998,1.042016515
Uganda,2018,32927025620,793.1280822,2.749030461
Ukraine,2018,1.31E+11,3096.5625,4.016381776
United Arab Emirates,2018,4.27E+11,46722.26872,0.517239889
United Kingdom,2018,2.87E+12,43203.81411,0.791214735
United States,2018,2.05E+13,62823.30944,2.404867872
Uruguay,2018,65203071818,19026.04982,0.014491566
Uzbekistan,2018,52870108217,1604.258642,4.056506681
Vanuatu,2018,914736985.4,3076.835315,0.456982334
Viet Nam,2018,3.10E+11,3267.225069,6.467191498
Virgin Islands (U.S.),2018,3923000000,36663.20876,2.171426079
West Bank and Gaza,2018,16276600000,3562.330943,-1.304814192
"Yemen, Rep.",2018,21606160777,701.7148684,-1.721734754
Zambia,2018,26311507274,1475.199883,0.89734746
Zimbabwe,2018,34156069918,2269.177012,2.909395136
Afghanistan,2019,18799444415,497.7414293,0.932833389
Albania,2019,15401826127,5396.214243,2.523540843
Algeria,2019,1.72E+11,4021.983266,-0.840856659
American Samoa,2019,647000000,13672.57666,1.831713966
Andorra,2019,3155150256,41328.61239,0.23829657
Angola,2019,70897962713,2191.347764,-4.017114161
Antigua and Barbuda,2019,1725351852,18730.0048,2.550901433
Argentina,2019,4.48E+11,9963.674162,-2.969562499
Armenia,2019,13619290539,4828.504886,8.2086495
Aruba,2019,3395798883,31902.80982,-2.743402019
Australia,2019,1.39E+12,55049.57192,0.682490945
Austria,2019,4.45E+11,50067.58573,1.000406953
Azerbaijan,2019,48174235294,4805.753718,1.635850481
"Bahamas, The",2019,13058700000,32279.01136,-1.39407345
Bahrain,2019,38653318085,25869.11291,1.698724144
Bangladesh,2019,3.51E+11,2122.078397,6.687654398
Barbados,2019,5341100000,19063.10229,0.087534271
Belarus,2019,64410122847,6837.768321,1.651118196
Belgium,2019,5.36E+11,46641.7214,1.689753689
Belize,2019,2386792476,6134.215233,2.353207273
Benin,2019,14390708757,1170.885995,3.824506878
Bermuda,2019,7423465000,116153.1661,0.317253011
Bhutan,2019,2735683409,3564.598772,5.01613201
Bolivia,2019,40895322851,3472.380831,0.737697155
Bosnia and Herzegovina,2019,20482608755,6094.724823,4.09411575
Botswana,2019,16725908667,6691.161053,1.04167164
Brazil,2019,1.87E+12,8845.324149,0.448280407
Brunei Darussalam,2019,13469235365,30748.30924,2.974226152
Bulgaria,2019,68881010246,9874.336326,4.770081953
Burkina Faso,2019,16032813502,765.2295604,2.672448001
Burundi,2019,2576518880,216.9729709,-1.457193034
Cabo Verde,2019,2252177124,3903.050317,5.867653851
Cambodia,2019,27089390033,1671.3854,5.848619694
Cameroon,2019,39670976453,1538.687912,0.643223204
Canada,2019,1.74E+12,46374.15275,0.435426336
Cayman Islands,2019,5941896608,89846.32122,1.95152393
Central African Republic,2019,2221301351,426.4087531,0.833009811
Chad,2019,11314951092,701.621201,-0.098958561
Channel Islands,2019,10381669645,61281.32722,0.038590918
Chile,2019,2.79E+11,14632.69031,-1.045505741
China,2019,1.43E+13,10143.86022,5.575316864
Colombia,2019,3.23E+11,6436.509215,1.314952378
Comoros,2019,1195019531,1510.797323,-0.126909212
"Congo, Dem. Rep.",2019,51775829877,575.8827814,1.110966274
"Congo, Rep.",2019,13976661498,2508.944783,-1.229416403
Costa Rica,2019,64417670521,12669.34115,1.535290566
Cote d'Ivoire,2019,59898479821,2290.787379,3.855841939
Croatia,2019,61470295888,15120.9029,3.974293299
Cuba,2019,1.03E+11,9139.38051,-0.061218557
Curacao,2019,3026124116,19220.68658,-2.041096052
Cyprus,2019,25947027570,29420,4.107459811
Czechia,2019,2.53E+11,23664.84786,2.624956267
Denmark,2019,3.46E+11,59592.98069,1.130657494
Djibouti,2019,3088853639,2876.043664,3.894529187
Dominica,2019,611537037,8561.587011,4.608870253
Dominican Republic,2019,88941372558,8173.344699,3.928931727
Ecuador,2019,1.08E+11,6233.258167,-1.879688207
"Egypt, Arab Rep.",2019,3.19E+11,3017.258336,3.675370831
El Salvador,2019,26881140000,4280.288404,2.30047619
Equatorial Guinea,2019,11364133546,7317.390024,-8.582057
Estonia,2019,31081901909,23424.48471,3.354972439
Eswatini,2019,4466214591,3818.540484,1.885724119
Ethiopia,2019,95912607722,840.4496013,5.523810568
Faroe Islands,2019,3266432734,63203.74478,2.923660836
Fiji,2019,5444407214,5927.724208,-0.523026018
Finland,2019,2.69E+11,48629.85823,1.113269092
France,2019,2.73E+12,40494.89829,1.495898988
French Polynesia,2019,6022276196,20093.20858,1.976586935
Gabon,2019,16874405465,7523.862281,1.56821092
"Gambia, The",2019,1813609692,722.8753563,3.513793718
Georgia,2019,17470436259,4696.150586,5.162618817
Germany,2019,3.89E+12,46805.13843,0.847783197
Ghana,2019,68337974418,2167.92544,4.30597775
Greece,2019,2.05E+11,19143.88762,1.986865767
Greenland,2019,2997309972,53309.20359,2.462731594
Grenada,2019,1213485185,9887.920742,-0.050317483
Guam,2019,6366000000,37752.63308,2.628136328
Guatemala,2019,77172317259,4647.807541,2.407414722
Guinea,2019,13442861496,1043.899886,2.970450896
Guinea-Bissau,2019,1439638411,730.6114323,2.086875016
Guyana,2019,5173760192,6477.296726,3.606660366
Haiti,2019,15016090930,1345.475055,-3.026509312
Honduras,2019,25089937022,2519.366185,0.942197107
"Hong Kong SAR, China",2019,3.63E+11,48359.0012,-2.396670725
Hungary,2019,1.64E+11,16786.21364,4.911693525
Iceland,2019,24681343649,68452.23622,-0.354233393
India,2019,2.84E+12,2050.1638,2.811873101
Indonesia,2019,1.12E+12,4151.227554,4.039135657
"Iran, Islamic Rep.",2019,2.84E+11,3276.753265,-4.130578795
Iraq,2019,2.34E+11,5621.181695,3.044174773
Ireland,2019,3.99E+11,80848.3019,3.867450639
Isle of Man,2019,7314966839,87152.45302,0.066159735
Israel,2019,4.02E+11,44452.23256,2.186673573
Italy,2019,2.01E+12,33673.75096,1.648503393
Jamaica,2019,15830766571,5626.170473,0.822801591
Japan,2019,5.12E+12,40415.95676,-0.262170829
Jordan,2019,44502816901,4159.653754,-0.520071102
Kazakhstan,2019,1.82E+11,9812.595526,3.161011541
Kenya,2019,1.00E+11,1970.08007,3.05495785
Kiribati,2019,175181629.3,1410.014643,-3.721381091
"Korea, Rep.",2019,1.65E+12,31902.4169,1.8889146
Kosovo,2019,7899737577,4416.029253,5.237403024
Kuwait,2019,1.36E+11,30666.23713,-3.326745749
Kyrgyz Republic,2019,9371275264,1451.515638,2.439335207
Lao PDR,2019,18740559554,2598.505523,3.892447903
Latvia,2019,34225547537,17883.34941,1.2892627
Lebanon,2019,51605959131,8925.42186,-4.195225512
Lesotho,2019,2361966946,1061.223356,-2.644232941
Liberia,2019,3319596500,665.8784476,-4.343455886
Libya,2019,69254143967,10542.42902,-12.42986729
Liechtenstein,2019,6436467007,167259.1603,4.943100002
Lithuania,2019,54808531641,19615.54915,0.915465846
Luxembourg,2019,69890505324,112726.4397,-4.422537421
"Macao SAR, China",2019,55082293844,82998.6361,1.807532125
Madagascar,2019,14104664679,512.2796656,2.656769068
Malawi,2019,11025371147,584.3628673,3.124896133
Malaysia,2019,3.65E+11,11132.10274,4.161318199
Maldives,2019,5726094798,11349.85926,1.531457069
Mali,2019,17280250810,840.1757464,2.931526293
Malta,2019,15992378640,31727.00707,13.46910702
Marshall Islands,2019,231996704.1,5186.833842,0.479174166
Mauritania,2019,7894764886,1800.875187,2.858125324
Mauritius,2019,14436346980,11403.25279,-1.132341625
Mexico,2019,1.31E+12,10434.57837,0.766026842
"Micronesia, Fed. Sts.",2019,416000000,3734.994927,5.22280985
Moldova,2019,11735774634,4404.950422,7.069003159
Monaco,2019,7383944044,199382.8386,3.366368427
Mongolia,2019,14206359018,4394.94715,4.096236943
Montenegro,2019,5542054181,8909.653876,1.802657182
Morocco,2019,1.29E+11,3498.582764,-0.593444438
Mozambique,2019,15512759175,512.2157638,5.827195844
Myanmar,2019,75072038086,1415.379676,-2.499398215
Namibia,2019,12541928103,5126.176143,6.400844533
Nauru,2019,125160115.5,10316.52782,5.451916544
Nepal,2019,34186180696,1185.682318,1.289889121
Netherlands,2019,9.10E+11,52476.27325,-1.425446101
New Caledonia,2019,9475655325,34934.57943,0.828804838
New Zealand,2019,2.13E+11,42796.43058,-4.233097871
Nicaragua,2019,12699028991,1905.638328,2.024915762
Niger,2019,12889555561,549.8161278,-0.263456378
Nigeria,2019,4.75E+11,2334.023643,3.886552146
North Macedonia,2019,12606338449,6070.388054,-10.52748296
Northern Mariana Islands,2019,1181000000,23687.27185,0.443398578
Norway,2019,4.09E+11,76430.58895,-1.163316683
Oman,2019,88060858257,19132.15227,0.862674222
Pakistan,2019,3.21E+11,1437.165833,-0.092533345
Palau,2019,281970375,15738.46701,1.640187518
Panama,2019,69721787500,16472.83175,2.145463386
Papua New Guinea,2019,24751066911,2593.775554,-1.724202051
Paraguay,2019,37925338329,5807.838794,0.306641969
Peru,2019,2.28E+11,6955.880824,4.376525551
Philippines,2019,3.77E+11,3413.849044,4.475505106
Poland,2019,5.96E+11,15700.01358,2.658392606
Portugal,2019,2.40E+11,23330.81729,1.664238799
Puerto Rico,2019,1.05E+11,32916.8668,-0.764496636
Qatar,2019,1.76E+11,62827.39695,4.401721366
Romania,2019,2.51E+11,12957.99911,2.243979517
Russian Federation,2019,1.69E+12,11536.25879,6.876304188
Rwanda,2019,10346326599,806.1008203,3.365466916
Samoa,2019,912950466.1,4308.300729,1.999986594
San Marino,2019,1616188702,47287.39839,0.466984036
Sao Tome and Principe,2019,412976064.5,1924.40815,-1.445208185
Saudi Arabia,2019,8.39E+11,23405.7061,1.82926307
Senegal,2019,23403995992,1462.678353,4.893094256
Serbia,2019,51514242939,7417.206608,3.949878483
Seychelles,2019,1645090567,16851.11976,2.826763051
Sierra Leone,2019,4076578699,506.6069138,0.178353465
Singapore,2019,3.77E+11,66070.48681,9.063489105
Sint Maarten (Dutch part),2019,1407880466,33836.77335,2.372623516
Slovak Republic,2019,1.06E+11,19381.89055,2.804350414
Slovenia,2019,54386654314,26042.44635,-0.623761218
Solomon Islands,2019,1619155017,2398.77305,-0.070531243
Somalia,2019,9420431258,589.4658919,-1.030132942
South Africa,2019,3.89E+11,6702.526617,1.254631755
Spain,2019,1.39E+12,29581.51855,-0.829146714
Sri Lanka,2019,89014978344,4082.694049,4.156343869
St. Kitts and Nevis,2019,1107155556,23204.97056,-1.036797232
St. Lucia,2019,2102534000,11773.42748,8.850517798
St. Vincent and the Grenadines,2019,910766666.7,8680.251102,1.00422522
Sudan,2019,32338079165,748.0109253,-4.968250702
Suriname,2019,4016040575,6690.044786,0.057663675
Sweden,2019,5.34E+11,51939.42974,0.957561656
Switzerland,2019,7.21E+11,84121.93103,0.423089768
Syrian Arab Republic,2019,22600896343,1124.520554,-2.630992159
Tajikistan,2019,8300813890,889.0233718,4.997436201
Tanzania,2019,61026731926,1050.931763,2.667817082
Thailand,2019,5.44E+11,7628.576033,1.856848998
Timor-Leste,2019,2027034000,1583.078603,21.61997402
Togo,2019,6992654019,848.3045346,2.422750322
Tonga,2019,512053692.1,4878.978686,0.897435309
Trinidad and Tobago,2019,23775754305,15642.40672,-0.64542867
Tunisia,2019,41905540184,3477.836181,0.607548293
Turkiye,2019,7.61E+11,9215.440875,-0.612618494
Turkmenistan,2019,45232857143,7344.880204,4.688624039
Turks and Caicos Islands,2019,1197415000,27795.14856,1.429890144
Tuvalu,2019,54123198.57,4940.050983,12.87669766
Uganda,2019,35348155095,823.0247329,2.885708922
Ukraine,2019,1.54E+11,3661.457764,3.793723912
United Arab Emirates,2019,4.18E+11,45376.17084,0.323686531
United Kingdom,2019,2.85E+12,42662.53537,1.069833349
United States,2019,2.14E+13,65120.39466,1.829668388
Uruguay,2019,62048585619,18098.36155,0.704262098
Uzbekistan,2019,60283503705,1795.201768,4.011392184
Vanuatu,2019,936526267.6,3076.589886,0.831127737
Viet Nam,2019,3.34E+11,3491.09141,6.392585945
Virgin Islands (U.S.),2019,4121000000,38633.52989,3.253914656
West Bank and Gaza,2019,17133500000,3656.858271,-1.151613665
"Yemen, Rep.",2019,0,693.8165035,0
Zambia,2019,23308667781,1268.120941,-1.564236877
Zimbabwe,2019,21832234921,1421.868596,-8.17732037
