Country Name,Country Code,Series Name,Series Code,2015 [YR2015],2016 [YR2016],2017 [YR2017],2018 [YR2018],2019 [YR2019]
Afghanistan,AFG,GDP (current US$),NY.GDP.MKTP.CD,19134221744.5294,18116572399.1298,18753456506.5708,18053222734.8881,18799444414.5998
Afghanistan,AFG,GDP per capita (current US$),NY.GDP.PCAP.CD,566.881132665072,523.053012101752,526.140801271383,492.090632280226,497.741429257502
Afghanistan,AFG,GDP per capita growth (annual %),NY.GDP.PCAP.KD.ZG,-1.66641641520387,-0.345802496981861,-0.253593781812398,-1.68857659267113,0.932833388709525
Albania,ALB,GDP (current US$),NY.GDP.MKTP.CD,11386853113.0189,11861199830.8396,13019726211.7369,15156424015.1977,15401826127.2539
Albania,ALB,GDP per capita (current US$),NY.GDP.PCAP.CD,3952.80357364813,4124.05538986272,4531.03220675893,5287.66080067575,5396.2142432843
Albania,ALB,GDP per capita growth (annual %),NY.GDP.PCAP.KD.ZG,2.51682705417127,3.48029321671386,3.89811226746693,4.27631155105293,2.52354084280566
Algeria,DZA,GDP (current US$),NY.GDP.MKTP.CD,165979224866.131,160034212126.018,170096988531.906,174910684781.571,171760275466.61
Algeria,DZA,GDP per capita (current US$),NY.GDP.PCAP.CD,4197.41998491398,3967.20064743809,4134.93608656171,4171.79038755546,4021.9832660524
Algeria,DZA,GDP per capita growth (annual %),NY.GDP.PCAP.KD.ZG,1.64665726092011,1.16314757909788,-0.663171195012765,-0.707950480650311,-0.840856659456264
American Samoa,ASM,GDP (current US$),NY.GDP.MKTP.CD,673000000,671000000,612000000,639000000,647000000
American Samoa,ASM,GDP per capita (current US$),NY.GDP.PCAP.CD,13101.5418159165,13300.8246114811,12372.8847825647,13195.9358995539,13672.576657298
American Samoa,ASM,GDP per capita growth (annual %),NY.GDP.PCAP.KD.ZG,4.85444230115995,0.113644342114497,-5.13533988577697,4.87406112450759,1.83171396600592
Andorra,AND,GDP (current US$),NY.GDP.MKTP.CD,2789882569.1005,2896611878.6258,3000160414.63795,3218418631.67579,3155150255.91195
Andorra,AND,GDP per capita (current US$),NY.GDP.PCAP.CD,38885.5485894753,39931.2362644858,40632.2089824607,42904.8115883352,41328.6123929102
Andorra,AND,GDP per capita growth (annual %),NY.GDP.PCAP.KD.ZG,1.25741601269149,2.57450458774666,-1.41657902035861,-0.00387029555736262,0.238296569502523
Angola,AGO,GDP (current US$),NY.GDP.MKTP.CD,90496420626.179,52761617225.9253,73690155046.555,79450688232.0011,70897962712.6213
Angola,AGO,GDP per capita (current US$),NY.GDP.PCAP.CD,3217.33924430561,1809.70937719455,2439.37444118796,2540.50887797043,2191.34776373555
Angola,AGO,GDP per capita growth (annual %),NY.GDP.PCAP.KD.ZG,-2.64297533030704,-6.01189077751143,-3.63069503801748,-4.67666958432599,-4.01711416103254
Antigua and Barbuda,ATG,GDP (current US$),NY.GDP.MKTP.CD,1437755555.55556,1489692592.59259,1531151851.85185,1661529629.62963,1725351851.85185
Antigua and Barbuda,ATG,GDP per capita (current US$),NY.GDP.PCAP.CD,15985.5411386971,16449.0591470407,16803.8702340001,18133.8226008953,18730.0047966374
Antigua and Barbuda,ATG,GDP per capita growth (annual %),NY.GDP.PCAP.KD.ZG,0.64998030083656,3.38365147656022,1.83923575708408,6.36137519410356,2.55090143294055
Argentina,ARG,GDP (current US$),NY.GDP.MKTP.CD,594749285413.212,557532320662.955,643628393281.364,524819892360.176,447754683615.225
Argentina,ARG,GDP per capita (current US$),NY.GDP.PCAP.CD,13789.060424772,12790.2641396135,14613.0356486571,11795.1627452798,9963.67416171662
Argentina,ARG,GDP per capita growth (annual %),NY.GDP.PCAP.KD.ZG,1.62966427946263,-3.11006389821465,1.75764818265694,-3.60160975657155,-2.96956249866219
Armenia,ARM,GDP (current US$),NY.GDP.MKTP.CD,10553337518.414,10546136235.5219,11527458709.0158,12457940694.7395,13619290539.2116
Armenia,ARM,GDP per capita (current US$),NY.GDP.PCAP.CD,3666.14182210905,3679.95234740376,4041.99507105058,4391.92326991474,4828.50488626598
Armenia,ARM,GDP per capita growth (annual %),NY.GDP.PCAP.KD.ZG,3.60636907832207,0.646135942752821,8.02439704883481,5.76988214903176,8.20864949959488
Aruba,ABW,GDP (current US$),NY.GDP.MKTP.CD,2962907262.56983,2983635195.53073,3092429050.27933,3276184357.5419,3395798882.68156
Aruba,ABW,GDP per capita (current US$),NY.GDP.PCAP.CD,28419.2645344661,28449.7129463044,29329.0817465959,30918.483584133,31902.8098183195
Aruba,ABW,GDP per capita growth (annual %),NY.GDP.PCAP.KD.ZG,-1.25558834237293,1.12118209874299,6.47490849691759,1.87640137701577,-2.74340201861469
Australia,AUS,GDP (current US$),NY.GDP.MKTP.CD,1351768945139.11,1207580901578.72,1326882104817,1429733668185.91,1394671325960.57
Australia,AUS,GDP per capita (current US$),NY.GDP.PCAP.CD,56758.8692027821,49918.7939327254,53954.553494614,57273.5204750079,55049.571919719
Australia,AUS,GDP per capita growth (annual %),NY.GDP.PCAP.KD.ZG,0.741438843604087,1.18626585064179,0.647495218504773,1.37834535331957,0.682490945150491
Austria,AUT,GDP (current US$),NY.GDP.MKTP.CD,381971148530.543,395837353031.499,417261151844.977,454991174096.102,444596155845.254
Austria,AUT,GDP per capita (current US$),NY.GDP.PCAP.CD,44195.8175947748,45307.5878620429,47429.1584564387,51466.5565633634,50067.5857265892
Austria,AUT,GDP per capita growth (annual %),NY.GDP.PCAP.KD.ZG,-0.111540189504495,0.892469139632297,1.55072408627153,1.92771305987296,1.00040695317784
Azerbaijan,AZE,GDP (current US$),NY.GDP.MKTP.CD,53076235354.746,37866996882.9157,40866627351.9817,47112470051.7701,48174235294.1176
Azerbaijan,AZE,GDP per capita (current US$),NY.GDP.PCAP.CD,5500.50364628486,3880.6852276838,4147.1981423222,4739.7943123408,4805.75371765917
Azerbaijan,AZE,GDP per capita growth (annual %),NY.GDP.PCAP.KD.ZG,-0.103121364891479,-4.17717168005237,-0.778416126232784,0.624486167739661,1.63585048130741
"Bahamas, The",BHS,GDP (current US$),NY.GDP.MKTP.CD,11672900000,11750800000,12253500000,12653600000,13058700000
"Bahamas, The",BHS,GDP per capita (current US$),NY.GDP.PCAP.CD,29724.9533355233,29675.5358910641,30708.9870181946,31483.9788408235,32279.0113630465
"Bahamas, The",BHS,GDP per capita growth (annual %),NY.GDP.PCAP.KD.ZG,0.0791048828850478,-1.58473590037082,1.74203666253274,2.17927283945556,-1.39407344987808
Bahrain,BHR,GDP (current US$),NY.GDP.MKTP.CD,31050638297.8723,32234973404.2553,35473776595.7447,37802005319.1489,38653318085.1064
Bahrain,BHR,GDP per capita (current US$),NY.GDP.PCAP.CD,22795.4488576612,22867.1811196134,24349.9098701325,25415.8466249472,25869.1129129041
Bahrain,BHR,GDP per capita growth (annual %),NY.GDP.PCAP.KD.ZG,-1.35238152136513,0.0672330100929202,0.913957633052064,0.0167861091434816,1.69872414350014
Bangladesh,BGD,GDP (current US$),NY.GDP.MKTP.CD,195078573252.202,265236390328.627,293754781336,321379127909.353,351238399005.451
Bangladesh,BGD,GDP per capita (current US$),NY.GDP.PCAP.CD,1236.00439239816,1659.96249605674,1815.61026180185,1963.41249219641,2122.07839667492
Bangladesh,BGD,GDP per capita growth (annual %),NY.GDP.PCAP.KD.ZG,5.29106080768767,5.80321039708029,5.26645987037224,6.08023297450373,6.68765439756285
Barbados,BRB,GDP (current US$),NY.GDP.MKTP.CD,4734000000,4843300000,4992300000,5110250000,5341100000
Barbados,BRB,GDP per capita (current US$),NY.GDP.PCAP.CD,17023.6943646321,17381.3650865426,17881.5632533033,18271.2522525099,19063.1022913841
Barbados,BRB,GDP per capita growth (annual %),NY.GDP.PCAP.KD.ZG,2.20856527358268,2.32672477104794,0.269025425185987,-1.04928302064495,0.0875342705220561
Belarus,BLR,GDP (current US$),NY.GDP.MKTP.CD,56454889146.6088,47723545321.259,54725302249.8088,60031173807.7196,64410122847.3508
Belarus,BLR,GDP per capita (current US$),NY.GDP.PCAP.CD,5967.06856034227,5039.77560949445,5785.53397723676,6360.05310087258,6837.76832136779
Belarus,BLR,GDP per capita growth (annual %),NY.GDP.PCAP.KD.ZG,-3.95734364341466,-2.61129931788116,2.64424708758548,3.37043437009008,1.65111819575279
Belgium,BEL,GDP (current US$),NY.GDP.MKTP.CD,462335574841.484,476062757356.927,502764720556.354,543299066998.902,535865804349.803
Belgium,BEL,GDP per capita (current US$),NY.GDP.PCAP.CD,41008.296719472,42012.6227191016,44198.4823908691,47544.9811472757,46641.7214017087
Belgium,BEL,GDP per capita growth (annual %),NY.GDP.PCAP.KD.ZG,1.45189336758756,0.755268919102846,1.22886623616918,1.33065222724522,1.68975368856101
Belize,BLZ,GDP (current US$),NY.GDP.MKTP.CD,2194709309.24204,2240593542.9757,2266664817.08822,2292787335.62452,2386792476.10637
Belize,BLZ,GDP per capita (current US$),NY.GDP.PCAP.CD,6098.60007958976,6099.95710191497,6049.3919477765,6001.02426184093,6134.21523305713
Belize,BLZ,GDP per capita growth (annual %),NY.GDP.PCAP.KD.ZG,1.06386485260275,-2.03687581383895,-3.74726133858346,-0.894543697019373,2.35320727344789
Benin,BEN,GDP (current US$),NY.GDP.MKTP.CD,11388160997.1089,11821065852.1271,12701655845.9612,14262408079.7014,14390708756.988
Benin,BEN,GDP per capita (current US$),NY.GDP.PCAP.CD,1041.65252315983,1049.82030349923,1095.27445905119,1194.43821427144,1170.8859954114
Benin,BEN,GDP per capita growth (annual %),NY.GDP.PCAP.KD.ZG,-1.18168483600668,0.335852248057719,2.60355652692061,3.62426254503761,3.82450687770586
Bermuda,BMU,GDP (current US$),NY.GDP.MKTP.CD,6654541000,6899911000,7142316000,7225977000,7423465000
Bermuda,BMU,GDP per capita (current US$),NY.GDP.PCAP.CD,102005.62564189,106885.878489327,111820.581466347,113050.73688163,116153.166121638
Bermuda,BMU,GDP per capita growth (annual %),NY.GDP.PCAP.KD.ZG,0.622598426821042,0.39386919987983,4.71610220533942,-0.50289929998705,0.317253010947766
Bhutan,BTN,GDP (current US$),NY.GDP.MKTP.CD,2003596838.78013,2158971711.31564,2591358114.48376,2583335723.83252,2735683408.71698
Bhutan,BTN,GDP per capita (current US$),NY.GDP.PCAP.CD,2695.63692363803,2879.54656392589,3427.17384450869,3389.77730342702,3564.59877168289
Bhutan,BTN,GDP per capita growth (annual %),NY.GDP.PCAP.KD.ZG,5.64980627117731,7.19150866237747,3.77157124056164,2.6903944325187,5.01613200961548
Bolivia,BOL,GDP (current US$),NY.GDP.MKTP.CD,33000198248.9146,33941126193.9219,37508642170.767,40287647930.5355,40895322850.9407
Bolivia,BOL,GDP per capita (current US$),NY.GDP.PCAP.CD,2975.64881143063,3013.50270721666,3280.0082139387,3471.0069506501,3472.38083136442
Bolivia,BOL,GDP per capita growth (annual %),NY.GDP.PCAP.KD.ZG,3.22053882341802,2.66307421352539,2.62330333561857,2.68479733919096,0.73769715524476
Bosnia and Herzegovina,BIH,GDP (current US$),NY.GDP.MKTP.CD,16404348871.4437,17116926327.6247,18326373366.1105,20484053868.9246,20482608755.379
Bosnia and Herzegovina,BIH,GDP per capita (current US$),NY.GDP.PCAP.CD,4654.60862038896,4917.26376596306,5327.39230422044,6024.49314979655,6094.72482322311
Bosnia and Herzegovina,BIH,GDP per capita growth (annual %),NY.GDP.PCAP.KD.ZG,5.69830351451964,4.5276131121432,4.47338640670523,5.04583814593265,4.09411575032696
Botswana,BWA,GDP (current US$),NY.GDP.MKTP.CD,13530748844.505,15082636722.902,16105156375.533,17031943186.1353,16725908666.8462
Botswana,BWA,GDP per capita (current US$),NY.GDP.PCAP.CD,5869.73757890628,6411.55166556511,6705.34106165815,6947.81784114167,6691.16105313603
Botswana,BWA,GDP per capita growth (annual %),NY.GDP.PCAP.KD.ZG,-6.70030234174305,5.05137315273221,1.97194438915353,2.08134612425246,1.04167163959789
Brazil,BRA,GDP (current US$),NY.GDP.MKTP.CD,1802212206904.68,1795693482652.52,2063514977334.32,1916933898038.36,1873288205186.45
Brazil,BRA,GDP per capita (current US$),NY.GDP.PCAP.CD,8783.2154236384,8680.73646873878,9896.71889500528,9121.02099480377,8845.32414932264
Brazil,BRA,GDP per capita growth (annual %),NY.GDP.PCAP.KD.ZG,-4.35831717939337,-4.05742300240568,0.523296588574212,0.978938492697395,0.448280407148658
British Virgin Islands,VGB,GDP (current US$),NY.GDP.MKTP.CD,..,..,..,..,..
British Virgin Islands,VGB,GDP per capita (current US$),NY.GDP.PCAP.CD,..,..,..,..,..
British Virgin Islands,VGB,GDP per capita growth (annual %),NY.GDP.PCAP.KD.ZG,..,..,..,..,..
Brunei Darussalam,BRN,GDP (current US$),NY.GDP.MKTP.CD,12930291487.9581,11400466356.3898,12128183904.4501,13566937673.7966,13469235364.7032
Brunei Darussalam,BRN,GDP per capita (current US$),NY.GDP.PCAP.CD,30681.4339698653,26762.0350436621,28186.9867351423,31240.5017887246,30748.3092371228
Brunei Darussalam,BRN,GDP per capita growth (annual %),NY.GDP.PCAP.KD.ZG,-1.52238423188406,-3.5211439819828,0.320205438773229,-0.868860056866723,2.9742261522544
Bulgaria,BGR,GDP (current US$),NY.GDP.MKTP.CD,50811995688.6771,53964253211.84,59309748166.1179,66370132238.3914,68881010245.5498
Bulgaria,BGR,GDP per capita (current US$),NY.GDP.PCAP.CD,7078.86032298969,7570.93165511708,8381.88134621669,9447.65589681469,9874.33632625168
Bulgaria,BGR,GDP per capita growth (annual %),NY.GDP.PCAP.KD.ZG,4.05941140790065,3.75177878457853,3.4991755485791,3.43913006319094,4.77008195264021
Burkina Faso,BFA,GDP (current US$),NY.GDP.MKTP.CD,11832159315.6298,12833363045.3367,14106955615.3442,15890066221.2882,16032813501.6639
Burkina Faso,BFA,GDP per capita (current US$),NY.GDP.PCAP.CD,632.12668582235,665.786328598963,711.184543433623,779.202768619387,765.229560401644
Burkina Faso,BFA,GDP per capita growth (annual %),NY.GDP.PCAP.KD.ZG,0.877785604827011,2.89349832690679,3.20325683612816,3.69351332759673,2.6724480013868
Burundi,BDI,GDP (current US$),NY.GDP.MKTP.CD,3104003546.26497,2644487776.50077,2723586962.84034,2667182199.51333,2576518879.82353
Burundi,BDI,GDP per capita (current US$),NY.GDP.PCAP.CD,289.359627206129,242.539527292978,244.14542219677,232.060616627711,216.972970900616
Burundi,BDI,GDP per capita growth (annual %),NY.GDP.PCAP.KD.ZG,-5.9804956121318,-2.20613382981416,-1.77264648641454,-1.37713962186088,-1.45719303361136
Cabo Verde,CPV,GDP (current US$),NY.GDP.MKTP.CD,1749857620.35329,1849789985.99572,1996741539.95088,2205099506.99994,2252177124.32402
Cabo Verde,CPV,GDP per capita (current US$),NY.GDP.PCAP.CD,3169.07890082563,3312.69674458487,3534.34357478817,3860.4548075811,3903.05031683625
Cabo Verde,CPV,GDP per capita growth (annual %),NY.GDP.PCAP.KD.ZG,-0.177226393370418,3.11762874056225,3.33731043975473,2.57258284999952,5.86765385050498
Cambodia,KHM,GDP (current US$),NY.GDP.MKTP.CD,18049954289.4721,20016747857.6367,22177200588.1826,24571753583.3935,27089390032.798
Cambodia,KHM,GDP per capita (current US$),NY.GDP.PCAP.CD,1170.74281578643,1281.10597105412,1400.89926522987,1533.31598466079,1671.3854000919
Cambodia,KHM,GDP per capita growth (annual %),NY.GDP.PCAP.KD.ZG,5.53168468410459,5.51620623139529,5.60387545950492,6.16447598598624,5.84861969425387
Cameroon,CMR,GDP (current US$),NY.GDP.MKTP.CD,32210233020.4569,33814337044.3765,36098547033.1655,39973842087.2242,39670976452.5283
Cameroon,CMR,GDP per capita (current US$),NY.GDP.PCAP.CD,1399.67533591995,1426.06548113211,1479.86222187116,1594.06011023775,1538.68791249516
Cameroon,CMR,GDP per capita growth (annual %),NY.GDP.PCAP.KD.ZG,2.39279741345202,1.4542326740103,0.648212633716412,1.12179521442972,0.643223203710647
Canada,CAN,GDP (current US$),NY.GDP.MKTP.CD,1556508816217.14,1527994741907.43,1649265644244.09,1725329192783.02,1743725183672.52
Canada,CAN,GDP per capita (current US$),NY.GDP.PCAP.CD,43596.1355365546,42315.6037056806,45129.4292980922,46548.6384108296,46374.1527517191
Canada,CAN,GDP per capita growth (annual %),NY.GDP.PCAP.KD.ZG,-0.089285801148975,-0.135842621321913,1.81127891680259,1.33556428524561,0.435426335836112
Cayman Islands,CYM,GDP (current US$),NY.GDP.MKTP.CD,4708167232.66893,4909322237.28895,5166281305.12522,5530178440.71376,5941896607.58643
Cayman Islands,CYM,GDP per capita (current US$),NY.GDP.PCAP.CD,77295.8452934434,78858.2802552237,81255.1124569481,85231.7742542655,89846.321220347
Cayman Islands,CYM,GDP per capita growth (annual %),NY.GDP.PCAP.KD.ZG,0.550605418987857,1.01116499815583,1.03211303625071,2.17337297172145,1.95152392963365
Central African Republic,CAF,GDP (current US$),NY.GDP.MKTP.CD,1695825714.19282,1825018144.65595,2072349972.6818,2220979146.11241,2221301351.43918
Central African Republic,CAF,GDP per capita (current US$),NY.GDP.PCAP.CD,351.879754769554,372.135456093031,414.74032227842,435.93229660798,426.408753120209
Central African Republic,CAF,GDP per capita growth (annual %),NY.GDP.PCAP.KD.ZG,3.89115882835796,2.93809923935532,2.59092350135077,1.79222030531334,0.833009810869896
Chad,TCD,GDP (current US$),NY.GDP.MKTP.CD,10950392256.9543,10097778098.1707,10000394381.0177,11239167898.3395,11314951091.7283
Chad,TCD,GDP per capita (current US$),NY.GDP.PCAP.CD,774.411603124119,691.980077427731,662.897472963315,720.265101427085,701.621201027424
Chad,TCD,GDP per capita growth (annual %),NY.GDP.PCAP.KD.ZG,-0.453003769060317,-9.16122585564682,-6.16090513543264,-1.02652688805676,-0.0989585609599004
Channel Islands,CHI,GDP (current US$),NY.GDP.MKTP.CD,..,9511207129.35458,9530244530.24453,10422948632.4216,10381669645.1366
Channel Islands,CHI,GDP per capita (current US$),NY.GDP.PCAP.CD,..,58093.9960625367,57683.8938973128,62316.2199488315,61281.3272247009
Channel Islands,CHI,GDP per capita growth (annual %),NY.GDP.PCAP.KD.ZG,..,..,1.04405467788875,-0.182625836787608,0.0385909182321029
Chile,CHL,GDP (current US$),NY.GDP.MKTP.CD,242450355827.827,249344864067.964,276154259806.312,295857562826.427,278598887622.96
Chile,CHL,GDP per capita (current US$),NY.GDP.PCAP.CD,13567.3572174332,13788.2400157601,15034.0584252287,15820.0333571155,14632.6903076927
Chile,CHL,GDP per capita growth (annual %),NY.GDP.PCAP.KD.ZG,1.10575838093806,0.550297851444384,-0.213266442244986,2.13907818098535,-1.04550574088437
China,CHN,GDP (current US$),NY.GDP.MKTP.CD,11061572618594.8,11233313730288.5,12310491333980.9,13894907857925.9,14279968506242.8
China,CHN,GDP per capita (current US$),NY.GDP.PCAP.CD,8016.44559491162,8094.39016730811,8817.04560829162,9905.40638307759,10143.8602205959
China,CHN,GDP per capita growth (annual %),NY.GDP.PCAP.KD.ZG,6.42073647804654,6.238215447165,6.30186310041572,6.25170055573298,5.57531686365964
Colombia,COL,GDP (current US$),NY.GDP.MKTP.CD,293492370228.844,282720100286.228,311866875135.578,334198218100.719,323031701210.765
Colombia,COL,GDP per capita (current US$),NY.GDP.PCAP.CD,6228.65162186089,5936.2610216683,6449.97098726076,6782.03792033195,6436.50921529527
Colombia,COL,GDP per capita growth (annual %),NY.GDP.PCAP.KD.ZG,1.9906164936335,1.0022727252119,-0.161953874918439,0.638439615993107,1.31495237842461
Comoros,COM,GDP (current US$),NY.GDP.MKTP.CD,966029599.801228,1012835492.51575,1077439756.12221,1188797449.96029,1195019531.03664
Comoros,COM,GDP per capita (current US$),NY.GDP.PCAP.CD,1322.93677459988,1357.26622888827,1414.58668930422,1531.33781085759,1510.79732262852
Comoros,COM,GDP per capita growth (annual %),NY.GDP.PCAP.KD.ZG,-1.01406895756402,1.10293207341641,1.7123618329055,1.68672159754276,-0.126909212225328
"Congo, Dem. Rep.",COD,GDP (current US$),NY.GDP.MKTP.CD,37917706497.1793,37134801555.3322,38019264794.8263,47568210009.8172,51775829877.2088
"Congo, Dem. Rep.",COD,GDP per capita (current US$),NY.GDP.PCAP.CD,482.064568638238,456.027950583624,451.089088517319,546.212593203883,575.882781366465
"Congo, Dem. Rep.",COD,GDP per capita growth (annual %),NY.GDP.PCAP.KD.ZG,3.35308434739035,-1.08899602387746,0.216643094607846,2.41383997494529,1.11096627392817
"Congo, Rep.",COG,GDP (current US$),NY.GDP.MKTP.CD,12434829581.0287,10931247264.8116,11834406800.8818,14773806078.1348,13976661497.841
"Congo, Rep.",COG,GDP per capita (current US$),NY.GDP.PCAP.CD,2455.34791009784,2107.5030239722,2227.72013856074,2715.24310477161,2508.9447830009
"Congo, Rep.",COG,GDP per capita growth (annual %),NY.GDP.PCAP.KD.ZG,-1.95471435702925,-10.8407814261216,-7.82530986365421,-4.61555476271676,-1.22941640260854
Costa Rica,CRI,GDP (current US$),NY.GDP.MKTP.CD,56441920821.0806,58847019609.6549,60516044657.2254,62420164991.5374,64417670521.1842
Costa Rica,CRI,GDP per capita (current US$),NY.GDP.PCAP.CD,11529.9551730192,11899.8139833748,12118.1336248174,12383.1499522763,12669.3411549351
Costa Rica,CRI,GDP per capita growth (annual %),NY.GDP.PCAP.KD.ZG,2.57317861070491,3.15151339047799,3.14326598585389,1.66130830846163,1.53529056591222
Cote d'Ivoire,CIV,GDP (current US$),NY.GDP.MKTP.CD,45815005170.815,48407761031.9226,52512344033.7688,58522477744.5444,59898479821.2323
Cote d'Ivoire,CIV,GDP per capita (current US$),NY.GDP.PCAP.CD,1941.58189772117,1999.19537159383,2113.34152528591,2295.54033462887,2290.78737894927
Cote d'Ivoire,CIV,GDP per capita growth (annual %),NY.GDP.PCAP.KD.ZG,4.46388996163833,4.44236105899517,4.66846126151452,2.18660849676529,3.85584193920161
Croatia,HRV,GDP (current US$),NY.GDP.MKTP.CD,50857353544.2847,52512987755.9635,56061675144.3829,61481309636.1289,61470295887.8384
Croatia,HRV,GDP per capita (current US$),NY.GDP.PCAP.CD,12098.5120254631,12579.9227031481,13592.2545240617,15040.0369182791,15120.9029026824
Croatia,HRV,GDP per capita growth (annual %),NY.GDP.PCAP.KD.ZG,3.37093184245691,4.28808117549096,4.64848201109673,3.74312570579878,3.97429329895074
Cuba,CUB,GDP (current US$),NY.GDP.MKTP.CD,87132800000,91370407863.7,96850649691.7406,100050036096.123,103427600000
Cuba,CUB,GDP per capita (current US$),NY.GDP.PCAP.CD,7683.74025365669,8055.92586780018,8543.33006731328,8831.91040872027,9139.38051005519
Cuba,CUB,GDP per capita growth (annual %),NY.GDP.PCAP.KD.ZG,4.36587075905668,0.494073392258642,1.8601470216456,2.32160916364217,-0.0612185571724808
Curacao,CUW,GDP (current US$),NY.GDP.MKTP.CD,3058779211.89831,3024690188.01683,3033433248.15988,3046364819.53197,3026124115.73275
Curacao,CUW,GDP per capita (current US$),NY.GDP.PCAP.CD,19361.8129630226,18944.0962772875,18938.2440965187,19119.1244887029,19220.6865793075
Curacao,CUW,GDP per capita growth (annual %),NY.GDP.PCAP.KD.ZG,-0.858779715385708,-2.1111613286577,-1.591163940253,-1.58863061888974,-2.04109605237927
Cyprus,CYP,GDP (current US$),NY.GDP.MKTP.CD,19842492366.5477,20952955488.0836,22870678689.4802,25523485042.6265,25947027570.4262
Cyprus,CYP,GDP per capita (current US$),NY.GDP.PCAP.CD,23408.44140625,24605.349609375,26608.6953125,29335.046875,29420
Cyprus,CYP,GDP per capita growth (annual %),NY.GDP.PCAP.KD.ZG,4.00942677175865,6.08587206849762,4.75451950432084,4.36695117286521,4.10745981071929
Czechia,CZE,GDP (current US$),NY.GDP.MKTP.CD,188033050459.881,196272068576.338,218628940951.675,249000540729.179,252548179964.897
Czechia,CZE,GDP per capita (current US$),NY.GDP.PCAP.CD,17829.6983223668,18575.2320271915,20636.199952435,23424.4804601855,23664.8478631108
Czechia,CZE,GDP per capita growth (annual %),NY.GDP.PCAP.KD.ZG,5.18140265379816,2.34055226080498,4.88972204225595,2.87546852691743,2.62495626738699
Denmark,DNK,GDP (current US$),NY.GDP.MKTP.CD,302673070846.857,313115929314.339,332121063806.391,356841216410.068,346498737961.635
Denmark,DNK,GDP per capita (current US$),NY.GDP.PCAP.CD,53254.8563700916,54663.9983719195,57610.0981801135,61591.9288698958,59592.9806886454
Denmark,DNK,GDP per capita growth (annual %),NY.GDP.PCAP.KD.ZG,1.62216625804921,2.44336887407066,2.16235511316152,1.4850851572351,1.13065749415978
Djibouti,DJI,GDP (current US$),NY.GDP.MKTP.CD,2424391785.43897,2604955228.70117,2762581334.22612,2913466732.12507,3088853638.56832
Djibouti,DJI,GDP per capita (current US$),NY.GDP.PCAP.CD,2409.31190224284,2545.73879850905,2655.73321960188,2755.83829341814,2876.04366371536
Djibouti,DJI,GDP per capita growth (annual %),NY.GDP.PCAP.KD.ZG,5.69115554959427,5.34352222970122,3.73748206795388,3.09308757962641,3.89452918731618
Dominica,DMA,GDP (current US$),NY.GDP.MKTP.CD,540737037.037037,576229629.62963,521551851.851852,554770370.37037,611537037.037037
Dominica,DMA,GDP per capita (current US$),NY.GDP.PCAP.CD,7724.04241057376,8223.04145029796,7408.09130082314,7833.19501250117,8561.58701121461
Dominica,DMA,GDP per capita growth (annual %),NY.GDP.PCAP.KD.ZG,-3.61516846835069,2.66392728155824,-7.05404668684338,2.93351857168791,4.60887025308973
Dominican Republic,DOM,GDP (current US$),NY.GDP.MKTP.CD,71164826836.5281,75704647877.6559,79998046305.79,85555390139.118,88941372558.2397
Dominican Republic,DOM,GDP per capita (current US$),NY.GDP.PCAP.CD,6838.93674590634,7191.06970308651,7513.49798180543,7947.15933093481,8173.34469885261
Dominican Republic,DOM,GDP per capita growth (annual %),NY.GDP.PCAP.KD.ZG,5.65574224309763,5.42560152292837,3.49047723780494,5.80704982687432,3.92893172690793
Ecuador,ECU,GDP (current US$),NY.GDP.MKTP.CD,99290381000,99937696000,104295862000,107562008000,108108009000
Ecuador,ECU,GDP per capita (current US$),NY.GDP.PCAP.CD,6130.58667556768,6079.08873612077,6246.40425217932,6321.34940071717,6233.25816692363
Ecuador,ECU,GDP per capita growth (annual %),NY.GDP.PCAP.KD.ZG,-1.37151925896104,-2.6904994760865,0.790527393070477,-0.608002128663117,-1.87968820683531
"Egypt, Arab Rep.",EGY,GDP (current US$),NY.GDP.MKTP.CD,329366576819.407,332441717791.411,248362771739.13,262588632526.73,318678815489.749
"Egypt, Arab Rep.",EGY,GDP per capita (current US$),NY.GDP.PCAP.CD,3370.38244716015,3331.61246134688,2439.96728439968,2531.20007864537,3017.25833578941
"Egypt, Arab Rep.",EGY,GDP per capita growth (annual %),NY.GDP.PCAP.KD.ZG,2.09553830616976,2.19220862672384,2.12874338092006,3.34981502229812,3.67537083093788
El Salvador,SLV,GDP (current US$),NY.GDP.MKTP.CD,23438240000,24191430000,24979190000,26020850000,26881140000
El Salvador,SLV,GDP per capita (current US$),NY.GDP.PCAP.CD,3761.51368000275,3870.31298246063,3986.04901435439,4145.86235103186,4280.28840404719
El Salvador,SLV,GDP per capita growth (annual %),NY.GDP.PCAP.KD.ZG,2.04601635573663,2.22008531516545,2.02220842685021,2.26276232787941,2.30047619003248
Equatorial Guinea,GNQ,GDP (current US$),NY.GDP.MKTP.CD,13185496881.4055,11240808846.6928,12200913887.6419,13097012124.2267,11364133546.2488
Equatorial Guinea,GNQ,GDP per capita (current US$),NY.GDP.PCAP.CD,9788.98380398528,8035.30766558427,8410.39798030589,8719.18686965483,7317.39002392662
Equatorial Guinea,GNQ,GDP per capita growth (annual %),NY.GDP.PCAP.KD.ZG,-12.6046850421249,-12.2028354363772,-9.0336974373561,-9.44484525853233,-8.58205700032325
Eritrea,ERI,GDP (current US$),NY.GDP.MKTP.CD,..,..,..,..,..
Eritrea,ERI,GDP per capita (current US$),NY.GDP.PCAP.CD,..,..,..,..,..
Eritrea,ERI,GDP per capita growth (annual %),NY.GDP.PCAP.KD.ZG,..,..,..,..,..
Estonia,EST,GDP (current US$),NY.GDP.MKTP.CD,22890762090.1508,24072829276.7744,26924385103.0659,30624720196.229,31081901909.2156
Estonia,EST,GDP per capita (current US$),NY.GDP.PCAP.CD,17402.0376128079,18295.3429322114,20437.765376736,23165.8494786437,23424.4847073518
Estonia,EST,GDP per capita growth (annual %),NY.GDP.PCAP.KD.ZG,1.78627469426176,3.12553830458751,5.66403908236126,3.42361905839128,3.35497243936102
Eswatini,SWZ,GDP (current US$),NY.GDP.MKTP.CD,4063245671.29285,3816019193.16561,4402969225.92165,4666598024.18411,4466214591.14854
Eswatini,SWZ,GDP per capita (current US$),NY.GDP.PCAP.CD,3583.31129031343,3339.99040122187,3824.04678338499,4021.4455564534,3818.54048403065
Eswatini,SWZ,GDP per capita growth (annual %),NY.GDP.PCAP.KD.ZG,1.49985760265459,0.302953769282354,1.2409471862878,1.5827075461722,1.88572411932168
Ethiopia,ETH,GDP (current US$),NY.GDP.MKTP.CD,64589328550.5953,74296745207.8721,81770886825.6048,84269196625.8784,95912607722.3032
Ethiopia,ETH,GDP per capita (current US$),NY.GDP.PCAP.CD,630.312619383054,705.617508543589,755.752644348666,758.29769449458,840.449601255171
Ethiopia,ETH,GDP per capita growth (annual %),NY.GDP.PCAP.KD.ZG,7.45669509715687,6.50121149670628,6.62278907050467,3.99844025588089,5.52381056763929
Faroe Islands,FRO,GDP (current US$),NY.GDP.MKTP.CD,2573905971.05459,2813278868.78208,2980057377.87967,3188600927.46688,3266432734.22819
Faroe Islands,FRO,GDP per capita (current US$),NY.GDP.PCAP.CD,52726.6873782078,56833.9165410522,59328.2376643374,62576.8016380509,63203.7447848956
Faroe Islands,FRO,GDP per capita growth (annual %),NY.GDP.PCAP.KD.ZG,0.250331564896427,0.0677860588288013,2.00991729188166,1.26986291372808,2.92366083623081
Fiji,FJI,GDP (current US$),NY.GDP.MKTP.CD,4682479912.05203,4930213634.35692,5353469171.0611,5581425324.91185,5444407214.31758
Fiji,FJI,GDP per capita (current US$),NY.GDP.PCAP.CD,5105.18961191892,5368.43349186431,5825.19966514413,6073.39457942347,5927.72420758285
Fiji,FJI,GDP per capita growth (annual %),NY.GDP.PCAP.KD.ZG,4.31434596112975,2.31502521471403,5.27908031348818,3.81494911461249,-0.523026018200994
Finland,FIN,GDP (current US$),NY.GDP.MKTP.CD,234534382384.766,240771351298.833,255647979916.471,275708001767.843,268514916972.549
Finland,FIN,GDP per capita (current US$),NY.GDP.PCAP.CD,42801.9081167285,43814.0265056965,46412.1364777169,49987.6261584968,48629.8582283032
Finland,FIN,GDP per capita growth (annual %),NY.GDP.PCAP.KD.ZG,0.213029419665261,2.5163798952421,2.95053137282473,1.00565417029748,1.11326909206437
France,FRA,GDP (current US$),NY.GDP.MKTP.CD,2439188643162.5,2472964344587.17,2595151045197.65,2790956878746.66,2728870246705.88
France,FRA,GDP per capita (current US$),NY.GDP.PCAP.CD,36652.9223052178,37062.5335723829,38781.0494870836,41557.8548588876,40494.8982936276
France,FRA,GDP per capita growth (annual %),NY.GDP.PCAP.KD.ZG,0.754024352327519,0.829056664516742,1.99499844733441,1.50053912327405,1.49589898756051
French Polynesia,PYF,GDP (current US$),NY.GDP.MKTP.CD,5325846361.81186,5497036476.8031,5833352692.7995,6135116253.33452,6022276196.13871
French Polynesia,PYF,GDP per capita (current US$),NY.GDP.PCAP.CD,18252.5142032094,18726.6394704764,19743.9590211525,20614.8943681731,20093.2085805567
French Polynesia,PYF,GDP per capita growth (annual %),NY.GDP.PCAP.KD.ZG,0.998225295592704,1.75795355431632,3.70010426122671,1.09430838063112,1.97658693500679
Gabon,GAB,GDP (current US$),NY.GDP.MKTP.CD,14383107762.6952,14023890265.3665,14929487485.1623,16867326401.9626,16874405465.391
Gabon,GAB,GDP per capita (current US$),NY.GDP.PCAP.CD,7090.45463394942,6722.19822269059,6975.69519191402,7694.90605067973,7523.86228077637
Gabon,GAB,GDP per capita growth (annual %),NY.GDP.PCAP.KD.ZG,0.721232639266972,-0.731650626043063,-2.06281675404621,-1.54487218362715,1.56821091959847
"Gambia, The",GMB,GDP (current US$),NY.GDP.MKTP.CD,1378176608.93204,1484578885.97132,1504909462.69521,1670671327.81651,1813609692.49994
"Gambia, The",GMB,GDP per capita (current US$),NY.GDP.PCAP.CD,611.67121911225,640.676265282984,632.001024153219,683.324632754874,722.875356284026
"Gambia, The",GMB,GDP per capita growth (annual %),NY.GDP.PCAP.KD.ZG,1.09705048941071,-0.875473406735992,2.00630767513326,4.43949429425278,3.51379371760613
Georgia,GEO,GDP (current US$),NY.GDP.MKTP.CD,14953673796.1929,15141598622.5692,16242645072.2881,17596922469.9152,17470436258.5131
Georgia,GEO,GDP per capita (current US$),NY.GDP.PCAP.CD,4014.11165137641,4062.12697838612,4356.92801624893,4722.0424231414,4696.15058555612
Georgia,GEO,GDP per capita growth (annual %),NY.GDP.PCAP.KD.ZG,2.86445660425608,2.84490205450567,4.82856985509574,4.88385492937473,5.16261881694761
Germany,DEU,GDP (current US$),NY.GDP.MKTP.CD,3357585719351.56,3469853463945.53,3690849152517.65,3974443355019.6,3889177589254.9
Germany,DEU,GDP per capita (current US$),NY.GDP.PCAP.CD,41103.2564363768,42136.1207907991,44652.5891722719,47939.2782884504,46805.1384334439
Germany,DEU,GDP per capita growth (annual %),NY.GDP.PCAP.KD.ZG,0.617105353219898,1.40810207548923,2.29720604740949,0.678212594110718,0.847783197111852
Ghana,GHA,GDP (current US$),NY.GDP.MKTP.CD,49406009811.9819,56164928691.0359,60405920071.5652,67298913752.0241,68337974418.3315
Ghana,GHA,GDP per capita (current US$),NY.GDP.PCAP.CD,1711.27131722255,1900.39767444476,1998.72266581387,2180.02968425645,2167.92544000869
Ghana,GHA,GDP per capita growth (annual %),NY.GDP.PCAP.KD.ZG,-0.265332917264004,0.983231574681142,5.73907811296539,3.96954738010722,4.30597775008748
Gibraltar,GIB,GDP (current US$),NY.GDP.MKTP.CD,..,..,..,..,..
Gibraltar,GIB,GDP per capita (current US$),NY.GDP.PCAP.CD,..,..,..,..,..
Gibraltar,GIB,GDP per capita growth (annual %),NY.GDP.PCAP.KD.ZG,..,..,..,..,..
Greece,GRC,GDP (current US$),NY.GDP.MKTP.CD,195683527003.375,193148146586.933,199844406013.531,212049447242.111,205252760889.364
Greece,GRC,GDP per capita (current US$),NY.GDP.PCAP.CD,18083.8779056547,17923.9668134716,18582.0893411631,19756.990456255,19143.8876174584
Greece,GRC,GDP per capita growth (annual %),NY.GDP.PCAP.KD.ZG,0.463652786270188,-0.0724245841387301,1.29229029026882,1.87490316346144,1.98686576653837
Greenland,GRL,GDP (current US$),NY.GDP.MKTP.CD,2499113022.81675,2707139544.46695,2851613679.03433,3055782146.15957,2997309971.87623
Greenland,GRL,GDP per capita (current US$),NY.GDP.PCAP.CD,44536.3549705377,48181.7453541266,50765.7494665372,54545.135857765,53309.2035905065
Greenland,GRL,GDP per capita growth (annual %),NY.GDP.PCAP.KD.ZG,-2.2149188822392,4.54780858066064,0.0776647739674274,0.89068474112419,2.46273159433217
Grenada,GRD,GDP (current US$),NY.GDP.MKTP.CD,997007407.407407,1061640740.74074,1125685185.18519,1166514814.81481,1213485185.18519
Grenada,GRD,GDP per capita (current US$),NY.GDP.PCAP.CD,8379.62184743156,8849.51353500776,9309.26129609568,9574.3102711372,9887.92074235834
Grenada,GRD,GDP per capita growth (annual %),NY.GDP.PCAP.KD.ZG,5.54341792813746,2.88696863002274,3.61384842471548,3.57597575337994,-0.0503174827996276
Guam,GUM,GDP (current US$),NY.GDP.MKTP.CD,5799000000,5901000000,6013000000,6056000000,6366000000
Guam,GUM,GDP per capita (current US$),NY.GDP.PCAP.CD,34522.3779304433,35052.8079075238,35663.0250406273,35902.725903793,37752.633077142
Guam,GUM,GDP per capita growth (annual %),NY.GDP.PCAP.KD.ZG,0.564587367873969,-0.0370116024855349,0.734521661801594,-0.834568542066606,2.6281363284828
Guatemala,GTM,GDP (current US$),NY.GDP.MKTP.CD,62186064718.7424,66053403469.0024,71653754066.2763,73328365862.4329,77172317258.6478
Guatemala,GTM,GDP per capita (current US$),NY.GDP.PCAP.CD,3994.62908519019,4173.28134863663,4454.02450948165,4485.75213495073,4647.80754129437
Guatemala,GTM,GDP per capita growth (annual %),NY.GDP.PCAP.KD.ZG,2.34629514622338,0.989365749396498,1.41564884120322,1.76513639905617,2.40741472209567
Guinea,GIN,GDP (current US$),NY.GDP.MKTP.CD,8794202394.29076,8595955600.36601,10324668271.1032,11857030367.2441,13442861496.4128
Guinea,GIN,GDP per capita (current US$),NY.GDP.PCAP.CD,756.425589810936,720.473255172646,843.464279230956,944.417268657317,1043.89988618266
Guinea,GIN,GDP per capita growth (annual %),NY.GDP.PCAP.KD.ZG,1.21255318822197,7.98776380538011,7.50840564635335,3.69780652586307,2.97045089645664
Guinea-Bissau,GNB,GDP (current US$),NY.GDP.MKTP.CD,1048229633.00189,1179004911.26676,1350177012.24273,1504630233.68158,1439638410.99683
Guinea-Bissau,GNB,GDP per capita (current US$),NY.GDP.PCAP.CD,585.957012587988,642.666390086932,718.245737766542,781.644367625001,730.611432270196
Guinea-Bissau,GNB,GDP per capita growth (annual %),NY.GDP.PCAP.KD.ZG,3.42810490470696,3.61960413156773,3.36820392808994,-1.09077789785651,2.08687501613241
Guyana,GUY,GDP (current US$),NY.GDP.MKTP.CD,4279840193.7046,4482697336.56174,4748174334.14044,4787637005.53562,5173760191.84652
Guyana,GUY,GDP per capita (current US$),NY.GDP.PCAP.CD,5668.42976474423,5905.38019563205,6220.97856820609,6094.90983678918,6477.29672607993
Guyana,GUY,GDP per capita growth (annual %),NY.GDP.PCAP.KD.ZG,0.165185136879359,3.25278592612473,3.1684214177762,1.48098651471342,3.60666036626233
Haiti,HTI,GDP (current US$),NY.GDP.MKTP.CD,14849629407.8872,14069277532.5199,15093357143.2889,16403864522.0538,15016090929.5125
Haiti,HTI,GDP per capita (current US$),NY.GDP.PCAP.CD,1405.71478574216,1313.18609516709,1389.35862299149,1489.57840624271,1345.4750547884
Haiti,HTI,GDP per capita growth (annual %),NY.GDP.PCAP.KD.ZG,-0.049590688190662,0.386161159380748,1.09773286156684,0.293353843250884,-3.02650931232938
Honduras,HND,GDP (current US$),NY.GDP.MKTP.CD,20979791685.416,21717604952.1835,23136247990.5977,24067750760.499,25089937021.5418
Honduras,HND,GDP per capita (current US$),NY.GDP.PCAP.CD,2257.22528369354,2295.53627000423,2403.30608839303,2457.6860424186,2519.36618467309
Honduras,HND,GDP per capita growth (annual %),NY.GDP.PCAP.KD.ZG,1.97813209013502,2.06683934614527,3.03458083540451,2.08461858788954,0.942197107044706
"Hong Kong SAR, China",HKG,GDP (current US$),NY.GDP.MKTP.CD,309385622601.348,320860317562.562,341273289534.466,361731070995.726,363074545072.389
"Hong Kong SAR, China",HKG,GDP per capita (current US$),NY.GDP.PCAP.CD,42432.1619740441,43734.1980702999,46160.429791493,48537.5668888343,48359.0011950597
"Hong Kong SAR, China",HKG,GDP per capita growth (annual %),NY.GDP.PCAP.KD.ZG,1.52002254389394,1.54453459062725,3.00147302092924,2.02719224044716,-2.39667072539321
Hungary,HUN,GDP (current US$),NY.GDP.MKTP.CD,125174166987.372,128609822750.039,143112196040.326,160565642983.587,164020460331.659
Hungary,HUN,GDP per capita (current US$),NY.GDP.PCAP.CD,12717.038597002,13104.6995457458,14621.2395956755,16425.2050299693,16786.2136399075
Hungary,HUN,GDP per capita growth (annual %),NY.GDP.PCAP.KD.ZG,3.95428261265434,2.50305336152638,4.54956329828929,5.49601879186557,4.91169352525995
Iceland,ISL,GDP (current US$),NY.GDP.MKTP.CD,17517210519.0912,20793168030.9524,24728285177.4603,26260850582.0687,24681343649.2952
Iceland,ISL,GDP per capita (current US$),NY.GDP.PCAP.CD,52951.6815110898,61987.9263620283,72010.1490316258,74452.1890731447,68452.23622306
Iceland,ISL,GDP per capita growth (annual %),NY.GDP.PCAP.KD.ZG,3.35414533328364,4.83829921427557,1.7794101347671,2.11737323957688,-0.354233392746096
India,IND,GDP (current US$),NY.GDP.MKTP.CD,2103588360066.32,2294796885682.55,2651474262735.28,2702929641707.38,2835606256616.03
India,IND,GDP per capita (current US$),NY.GDP.PCAP.CD,1590.17433135955,1714.27953740039,1957.96981329558,1974.3777314935,2050.1638002619
India,IND,GDP per capita growth (annual %),NY.GDP.PCAP.KD.ZG,6.72106763530351,6.980989698607,5.5683335179763,5.30240867438407,2.81187310084181
Indonesia,IDN,GDP (current US$),NY.GDP.MKTP.CD,860854232686.214,931877364037.698,1015618744159.73,1042271532988.63,1119099871350.2
Indonesia,IDN,GDP per capita (current US$),NY.GDP.PCAP.CD,3322.58167895444,3558.81885175737,3839.78507460491,3902.661675559,4151.22755440796
Indonesia,IDN,GDP per capita growth (annual %),NY.GDP.PCAP.KD.ZG,3.71774546908827,3.92669809073649,4.0176256075747,4.16298429125608,4.03913565656795
"Iran, Islamic Rep.",IRN,GDP (current US$),NY.GDP.MKTP.CD,408212917874.964,457954614593.746,486630147094.486,329691934144.504,283649531542.631
"Iran, Islamic Rep.",IRN,GDP per capita (current US$),NY.GDP.PCAP.CD,4990.93679541655,5497.24323254699,5758.59072766807,3850.75125293224,3276.75326508099
"Iran, Islamic Rep.",IRN,GDP per capita growth (annual %),NY.GDP.PCAP.KD.ZG,-3.62941716371441,6.83567535277678,1.30070500404484,-3.11349170944678,-4.13057879491164
Iraq,IRQ,GDP (current US$),NY.GDP.MKTP.CD,166774104959.102,166602488747.885,187217660050.676,227367469034.031,233636097800.338
Iraq,IRQ,GDP per capita (current US$),NY.GDP.PCAP.CD,4416.94292408042,4305.20270154631,4725.19357334032,5601.46706102705,5621.18169491752
Iraq,IRQ,GDP per capita growth (annual %),NY.GDP.PCAP.KD.ZG,1.91791208865786,11.0230161898181,-4.10746396999446,0.182367803474691,3.04417477296685
Ireland,IRL,GDP (current US$),NY.GDP.MKTP.CD,292364226871.756,298559265006.398,337241811320.896,386693357874.056,398933010007.356
Ireland,IRL,GDP per capita (current US$),NY.GDP.PCAP.CD,62179.2642662951,62784.0656875694,70150.7370157965,79446.9391085469,80848.3019020489
Ireland,IRL,GDP per capita growth (annual %),NY.GDP.PCAP.KD.ZG,23.3046934445227,0.623252100614778,8.12766876172294,7.13477339709543,3.86745063863189
Isle of Man,IMN,GDP (current US$),NY.GDP.MKTP.CD,7084795708.28406,6846373276.59372,6979791187.12712,7491654051.07858,7314966839.12782
Isle of Man,IMN,GDP per capita (current US$),NY.GDP.PCAP.CD,84753.4567282435,82041.6210496551,83510.303746436,89425.8913885835,87152.4530176191
Isle of Man,IMN,GDP per capita growth (annual %),NY.GDP.PCAP.KD.ZG,-0.0247262720913284,7.13557609799007,2.67780889670415,1.97547948593176,0.0661597347370986
Israel,ISR,GDP (current US$),NY.GDP.MKTP.CD,303414276832.04,322102790386.835,358245427458.541,376691526553.276,402470513619.148
Israel,ISR,GDP per capita (current US$),NY.GDP.PCAP.CD,36206.5222171621,37690.4739511859,41114.7817082553,42406.8454263606,44452.2325623093
Israel,ISR,GDP per capita growth (annual %),NY.GDP.PCAP.KD.ZG,0.475269154590265,2.49264371119004,2.27442977959885,2.08447062883643,2.18667357283937
Italy,ITA,GDP (current US$),NY.GDP.MKTP.CD,1836637711060.55,1877071687633.78,1961796197354.36,2091932426266.98,2011302198827.45
Italy,ITA,GDP per capita (current US$),NY.GDP.PCAP.CD,30242.3861352184,30960.7315088902,32406.7203150134,34622.1696664741,33673.7509627421
Italy,ITA,GDP per capita growth (annual %),NY.GDP.PCAP.KD.ZG,0.875477401786128,1.46569044434084,1.82033385192226,1.11781661979235,1.64850339347826
Jamaica,JAM,GDP (current US$),NY.GDP.MKTP.CD,14188936958.4343,14077096714.1279,14808985171.3441,15730792835.5811,15830766570.7266
Jamaica,JAM,GDP per capita (current US$),NY.GDP.PCAP.CD,5077.5509836244,5022.70019182535,5273.14902681979,5594.49357290917,5626.17047314286
Jamaica,JAM,GDP per capita growth (annual %),NY.GDP.PCAP.KD.ZG,0.563876019949532,1.07681542813329,0.792818276894394,1.76458302430416,0.822801591466416
Japan,JPN,GDP (current US$),NY.GDP.MKTP.CD,4444930651964.18,5003677627544.24,4930837369151.42,5040880939324.86,5117993853016.51
Japan,JPN,GDP per capita (current US$),NY.GDP.PCAP.CD,34960.6393843385,39375.4731620781,38834.0529341227,39751.1330982711,40415.9567649547
Japan,JPN,GDP per capita growth (annual %),NY.GDP.PCAP.KD.ZG,1.66846511711745,0.805362824616168,1.75861180161444,0.771168471432333,-0.262170828589063
Jordan,JOR,GDP (current US$),NY.GDP.MKTP.CD,38587017887.3239,39892551126.7606,41608435915.493,43370860704.2254,44502816901.4085
Jordan,JOR,GDP per capita (current US$),NY.GDP.PCAP.CD,4064.25301043642,4003.40474641177,4073.11640314668,4146.40731063215,4159.6537537759
Jordan,JOR,GDP per capita growth (annual %),NY.GDP.PCAP.KD.ZG,-6.53100718046935,-2.82074528696681,-0.041500684924813,-0.463136173887264,-0.520071102411436
Kazakhstan,KAZ,GDP (current US$),NY.GDP.MKTP.CD,184388404706.042,137278320084.171,166805788827.233,179339977690.485,181667184854.501
Kazakhstan,KAZ,GDP per capita (current US$),NY.GDP.PCAP.CD,10510.7703240885,7714.84184376024,9247.58067886159,9812.62543137393,9812.59552626324
Kazakhstan,KAZ,GDP per capita growth (annual %),NY.GDP.PCAP.KD.ZG,-0.268267117061384,-0.327514634284228,2.69343213630073,2.74053637300669,3.16101154086459
Kenya,KEN,GDP (current US$),NY.GDP.MKTP.CD,70120446896.8359,74815144163.8931,82036510877.2599,92202979985.2863,100378436207.371
Kenya,KEN,GDP per capita (current US$),NY.GDP.PCAP.CD,1496.65357260021,1562.07661862777,1675.98842173012,1845.7834137515,1970.08007048615
Kenya,KEN,GDP per capita growth (annual %),NY.GDP.PCAP.KD.ZG,2.68331742509996,1.94366814420279,1.60314661619574,3.52208443515578,3.05495784951917
Kiribati,KIR,GDP (current US$),NY.GDP.MKTP.CD,170292316.823055,178507954.868147,188540710.231323,196501525.688652,175181629.286475
Kiribati,KIR,GDP per capita (current US$),NY.GDP.PCAP.CD,1459.14398299206,1506.23100308107,1566.44713639955,1607.22982544435,1410.01464320535
Kiribati,KIR,GDP per capita growth (annual %),NY.GDP.PCAP.KD.ZG,8.24412516251402,-1.99479304924535,-1.35302964447919,3.48097512698243,-3.7213810908485
"Korea, Dem. People's Rep.",PRK,GDP (current US$),NY.GDP.MKTP.CD,..,..,..,..,..
"Korea, Dem. People's Rep.",PRK,GDP per capita (current US$),NY.GDP.PCAP.CD,..,..,..,..,..
"Korea, Dem. People's Rep.",PRK,GDP per capita growth (annual %),NY.GDP.PCAP.KD.ZG,..,..,..,..,..
"Korea, Rep.",KOR,GDP (current US$),NY.GDP.MKTP.CD,1466038936206.43,1499679823909.61,1623074183501.9,1725373496825.43,1651422932447.77
"Korea, Rep.",KOR,GDP per capita (current US$),NY.GDP.PCAP.CD,28737.4391706499,29280.4403170048,31600.7358741365,33447.1562836166,31902.4169048194
"Korea, Rep.",KOR,GDP per capita growth (annual %),NY.GDP.PCAP.KD.ZG,2.26842940068582,2.5391447288435,2.87019696151147,2.46224621613314,1.8889146004307
Kosovo,XKX,GDP (current US$),NY.GDP.MKTP.CD,6295848422.71573,6682677289.98994,7180764703.35718,7878759714.82322,7899737577.47286
Kosovo,XKX,GDP per capita (current US$),NY.GDP.PCAP.CD,3520.78207462478,3759.47285515454,4009.3538108854,4384.18868045931,4416.02925267842
Kosovo,XKX,GDP per capita growth (annual %),NY.GDP.PCAP.KD.ZG,7.37182874229319,6.20364069126833,4.03867510846739,3.05666472318318,5.23740302355958
Kuwait,KWT,GDP (current US$),NY.GDP.MKTP.CD,114585576961.43,109406328917.014,120687539805.505,138202535799.918,136191825724.364
Kuwait,KWT,GDP per capita (current US$),NY.GDP.PCAP.CD,29315.1985079166,27026.6876602182,29258.2663270479,32012.1875249538,30666.2371314234
Kuwait,KWT,GDP per capita growth (annual %),NY.GDP.PCAP.KD.ZG,-3.19417441775387,-0.617015960146404,-6.4866737410414,-2.12827593203232,-3.32674574935527
Kyrgyz Republic,KGZ,GDP (current US$),NY.GDP.MKTP.CD,6678177511.66313,6813095379.1187,7702938379.42036,8271106235.41552,9371275264.36735
Kyrgyz Republic,KGZ,GDP per capita (current US$),NY.GDP.PCAP.CD,1121.08269597662,1120.66705800127,1242.77022029305,1308.13978544561,1451.51563835807
Kyrgyz Republic,KGZ,GDP per capita growth (annual %),NY.GDP.PCAP.KD.ZG,1.75886440985302,2.23180526571724,2.73409189148251,1.71320910602361,2.43933520707861
Lao PDR,LAO,GDP (current US$),NY.GDP.MKTP.CD,14426381187.0894,15912495368.8717,17071162084.4067,18141651381.3884,18740559554.1632
Lao PDR,LAO,GDP per capita (current US$),NY.GDP.PCAP.CD,2125.45905698314,2309.0490761946,2439.4633552251,2553.36186646266,2598.50552320723
Lao PDR,LAO,GDP per capita growth (annual %),NY.GDP.PCAP.KD.ZG,5.75341100502902,5.40858640462754,5.26492843977357,4.64655561898404,3.89244790332448
Latvia,LVA,GDP (current US$),NY.GDP.MKTP.CD,27263090547.0617,28083597512.4841,30483806017.8318,34429023435.0211,34225547537.0745
Latvia,LVA,GDP per capita (current US$),NY.GDP.PCAP.CD,13786.4567953114,14331.7515885049,15695.1151541059,17865.0310947642,17883.3494113217
Latvia,LVA,GDP per capita growth (annual %),NY.GDP.PCAP.KD.ZG,4.73918260611251,3.30843439755775,4.23211616536913,4.80391392484378,1.28926269967
Lebanon,LBN,GDP (current US$),NY.GDP.MKTP.CD,49929337836.8159,51147308774.1294,53027680685.9038,54901519155.5556,51605959131.2741
Lebanon,LBN,GDP per capita (current US$),NY.GDP.PCAP.CD,7802.75136769776,8172.29947599133,8679.89742212366,9225.84515486901,8925.42186017072
Lebanon,LBN,GDP per capita growth (annual %),NY.GDP.PCAP.KD.ZG,-1.49384761124993,3.83144722381587,3.37003795273026,0.727150841891671,-4.19522551235833
Lesotho,LSO,GDP (current US$),NY.GDP.MKTP.CD,2359686724.53829,2131522791.45927,2306185472.14868,2556247291.99785,2361966946.29803
Lesotho,LSO,GDP per capita (current US$),NY.GDP.PCAP.CD,1113.83683453612,994.239764062067,1062.4561920176,1162.97885412072,1061.22335618067
Lesotho,LSO,GDP per capita growth (annual %),NY.GDP.PCAP.KD.ZG,1.99090588632073,2.38374582897576,-4.33164643014115,-2.70875407449786,-2.64423294138565
Liberia,LBR,GDP (current US$),NY.GDP.MKTP.CD,3227075700,3398419600,3390703400,3422754800,3319596500
Liberia,LBR,GDP per capita (current US$),NY.GDP.PCAP.CD,699.662946853965,722.131226789418,706.892691974846,700.037039377706,665.878447568436
Liberia,LBR,GDP per capita growth (annual %),NY.GDP.PCAP.KD.ZG,-2.03302983943588,-3.51645550978633,0.521366331956784,-0.761554820351506,-4.34345588640666
Libya,LBY,GDP (current US$),NY.GDP.MKTP.CD,48717506273.4399,49912085228.2887,67157451661.405,76686048497.4801,69254143966.8182
Libya,LBY,GDP per capita (current US$),NY.GDP.PCAP.CD,7867.5157311439,7945.00605015965,10529.1162687455,11838.2987072109,10542.4290201042
Libya,LBY,GDP per capita growth (annual %),NY.GDP.PCAP.KD.ZG,-2.35543692358982,-2.90159010786198,30.4963013785997,6.28283689566369,-12.4298672891634
Liechtenstein,LIE,GDP (current US$),NY.GDP.MKTP.CD,6268515276.17441,6237302033.50132,6474308717.85289,6692620691.84146,6436467007.11932
Liechtenstein,LIE,GDP per capita (current US$),NY.GDP.PCAP.CD,167809.269874833,165845.995200652,170875.682067431,175286.679024684,167259.160311816
Liechtenstein,LIE,GDP per capita growth (annual %),NY.GDP.PCAP.KD.ZG,..,..,..,..,..
Lithuania,LTU,GDP (current US$),NY.GDP.MKTP.CD,41435533340.3883,43047309305.7363,47758736931.7801,53751411409.4447,54808531641.4117
Lithuania,LTU,GDP per capita (current US$),NY.GDP.PCAP.CD,14263.9645773495,15008.3132445526,16885.4073948373,19186.359591641,19615.5491450175
Lithuania,LTU,GDP per capita growth (annual %),NY.GDP.PCAP.KD.ZG,2.98891297061452,3.82984126408542,5.75104655735379,4.99035385554106,4.94310000159899
Luxembourg,LUX,GDP (current US$),NY.GDP.MKTP.CD,60071584216.1375,62216885435.9488,65712180342.9836,71000359760.4611,69890505323.5842
Luxembourg,LUX,GDP per capita (current US$),NY.GDP.PCAP.CD,105462.012584423,106899.293549552,110193.213797228,116786.511654677,112726.439672814
Luxembourg,LUX,GDP per capita growth (annual %),NY.GDP.PCAP.KD.ZG,-0.115476305532894,2.73979180152419,-1.11611296239622,-0.714325922150593,0.915465845901139
"Macao SAR, China",MAC,GDP (current US$),NY.GDP.MKTP.CD,45048190598.3249,45070808688.9611,50383871120.8733,55190661339.7796,55082293844.1008
"Macao SAR, China",MAC,GDP per capita (current US$),NY.GDP.PCAP.CD,73220.6355551661,71919.054918813,78896.2747485132,84779.4536941057,82998.6361006441
"Macao SAR, China",MAC,GDP per capita growth (annual %),NY.GDP.PCAP.KD.ZG,-22.9268492907798,-2.49352439674533,7.80925542596262,4.38132728884378,-4.42253742070947
Madagascar,MDG,GDP (current US$),NY.GDP.MKTP.CD,11323020701.3017,11848613858.442,13176313593.5509,13760033282.2925,14104664678.5063
Madagascar,MDG,GDP per capita (current US$),NY.GDP.PCAP.CD,455.63803458407,464.61615837171,503.498058680237,512.543991506858,512.27966560241
Madagascar,MDG,GDP per capita growth (annual %),NY.GDP.PCAP.KD.ZG,0.497287785925067,1.33834602588814,1.28190543850761,0.592066853090074,1.80753212526734
Malawi,MWI,GDP (current US$),NY.GDP.MKTP.CD,9219474379.31534,7909868618.46366,8943543677.18899,9880675785.93057,11025371147.1876
Malawi,MWI,GDP per capita (current US$),NY.GDP.PCAP.CD,544.276872741836,454.443266065248,500.165547203323,537.932204050438,584.362867276266
Malawi,MWI,GDP per capita growth (annual %),NY.GDP.PCAP.KD.ZG,0.00240303205951875,-0.248244189153354,1.23415859863351,1.62549553666524,2.65676906844917
Malaysia,MYS,GDP (current US$),NY.GDP.MKTP.CD,301355266964.947,301256033870.334,319109094160.343,358788845712.53,365177721021.516
Malaysia,MYS,GDP per capita (current US$),NY.GDP.PCAP.CD,9699.60046342736,9555.66959336559,9979.70447282371,11073.9789704691,11132.1027429418
Malaysia,MYS,GDP per capita growth (annual %),NY.GDP.PCAP.KD.ZG,3.52753443643488,2.93376225389829,4.32563033470905,3.47276670505505,3.12489613274091
Maldives,MDV,GDP (current US$),NY.GDP.MKTP.CD,4129505319.81871,4409942623.38674,4816426259.51373,5404344159.49959,5726094797.67486
Maldives,MDV,GDP per capita (current US$),NY.GDP.PCAP.CD,9480.43151420101,9708.14134750478,10194.7461477043,11034.7235971635,11349.8592642235
Maldives,MDV,GDP per capita growth (annual %),NY.GDP.PCAP.KD.ZG,-0.52627320992255,2.19206028431897,2.93271649321953,4.82591439799909,4.1613181991347
Mali,MLI,GDP (current US$),NY.GDP.MKTP.CD,13104764378.326,14026048335.7047,15365713048.1993,17070867589.9055,17280250810.0321
Mali,MLI,GDP per capita (current US$),NY.GDP.PCAP.CD,723.504204947663,750.051809102295,795.682801553765,856.356596550603,840.175746366299
Mali,MLI,GDP per capita growth (annual %),NY.GDP.PCAP.KD.ZG,2.88286060712548,2.52844829516809,1.97229511633348,1.47317672512852,1.53145706904149
Malta,MLT,GDP (current US$),NY.GDP.MKTP.CD,11091483659.6156,11668015565.8082,13484541925.7714,15404393365.2073,15992378640.0553
Malta,MLT,GDP per capita (current US$),NY.GDP.PCAP.CD,24921.7141769982,25623.9416320597,28813.1853396512,31785.8848300917,31727.0070746362
Malta,MLT,GDP per capita growth (annual %),NY.GDP.PCAP.KD.ZG,7.02341244072613,1.04231563575796,7.87413426177386,3.7300762666413,2.93152629277003
Marshall Islands,MHL,GDP (current US$),NY.GDP.MKTP.CD,182997300,200716000,212701200,219430038.452148,231996704.101563
Marshall Islands,MHL,GDP per capita (current US$),NY.GDP.PCAP.CD,3703.64905889496,4153.11717602268,4507.622862229,4771.35920442167,5186.83384237084
Marshall Islands,MHL,GDP per capita growth (annual %),NY.GDP.PCAP.KD.ZG,4.18551071137078,4.42900584421099,6.24432015224482,8.41160209803316,13.4691070167046
Mauritania,MRT,GDP (current US$),NY.GDP.MKTP.CD,6166863896.68677,6398747592.13185,6800135898.28827,7473550557.07378,7894764885.82312
Mauritania,MRT,GDP per capita (current US$),NY.GDP.PCAP.CD,1562.72683648828,1579.20071673512,1634.64215833074,1749.95423645373,1800.87518658218
Mauritania,MRT,GDP per capita growth (annual %),NY.GDP.PCAP.KD.ZG,2.62469075992307,-1.37989304476751,3.50841555414037,2.05647537510671,0.479174165981505
Mauritius,MUS,GDP (current US$),NY.GDP.MKTP.CD,12007291045.6489,12594155464.4136,13713506130.6081,14735695930.9727,14436346979.6355
Mauritius,MUS,GDP per capita (current US$),NY.GDP.PCAP.CD,9507.87133656424,9965.72531085228,10841.6847754844,11643.4605962124,11403.2527870674
Mauritius,MUS,GDP per capita growth (annual %),NY.GDP.PCAP.KD.ZG,3.55335696562737,3.79113070734437,3.84430800639895,3.9500354872734,2.85812532389771
Mexico,MEX,GDP (current US$),NY.GDP.MKTP.CD,1213294467527.59,1112233497399.12,1190721475958.84,1256300182983.65,1305212479961.59
Mexico,MEX,GDP per capita (current US$),NY.GDP.PCAP.CD,10098.1731805195,9152.73722334937,9693.33009125499,10130.3206984553,10434.5783651735
Mexico,MEX,GDP per capita growth (annual %),NY.GDP.PCAP.KD.ZG,1.51074466053764,0.625682742880969,0.777009677575364,1.00624883578185,-1.13234162481218
"Micronesia, Fed. Sts.",FSM,GDP (current US$),NY.GDP.MKTP.CD,316489900,332265200,366666800,401932300,416000000
"Micronesia, Fed. Sts.",FSM,GDP per capita (current US$),NY.GDP.PCAP.CD,2891.32210264749,3022.65362747328,3320.3549760029,3623.32933678299,3734.99492723045
"Micronesia, Fed. Sts.",FSM,GDP per capita growth (annual %),NY.GDP.PCAP.KD.ZG,4.20325118906544,0.475192619993422,2.2126169514106,-0.239135779985418,0.766026841647061
Moldova,MDA,GDP (current US$),NY.GDP.MKTP.CD,7798692878.40136,7982450758.03213,9519053158.46404,11253727815.4762,11735774634.4239
Moldova,MDA,GDP per capita (current US$),NY.GDP.PCAP.CD,2749.91303825395,2847.63506882245,3454.95469039113,4156.95750022299,4404.95042249597
Moldova,MDA,GDP per capita growth (annual %),NY.GDP.PCAP.KD.ZG,0.429158887977096,5.87017576429136,5.99041199822246,5.92036718190722,5.22280984962049
Monaco,MCO,GDP (current US$),NY.GDP.MKTP.CD,6261649890.82388,6465645584.94877,6431271365.08338,7182444409.54069,7383944044.17
Monaco,MCO,GDP per capita (current US$),NY.GDP.PCAP.CD,170338.680381498,174412.494536127,173611.687859934,193968.090133158,199382.838585354
Monaco,MCO,GDP per capita growth (annual %),NY.GDP.PCAP.KD.ZG,3.00924966444114,2.10030710202396,-2.9734539364436,5.82319715979524,7.06900315892088
Mongolia,MNG,GDP (current US$),NY.GDP.MKTP.CD,11619892590.6941,11181350649.3573,11480847740.736,13178094720.4986,14206359017.5143
Mongolia,MNG,GDP per capita (current US$),NY.GDP.PCAP.CD,3919.35121343969,3690.75677759847,3708.24822134669,4165.02282101895,4394.94715044543
Mongolia,MNG,GDP per capita growth (annual %),NY.GDP.PCAP.KD.ZG,0.241383711641021,-0.681209924413565,3.36874224166412,5.43057257328132,3.36636842682287
Montenegro,MNE,GDP (current US$),NY.GDP.MKTP.CD,4054730077.57718,4376930578.32395,4856599480.79882,5506942238.35668,5542054181.12616
Montenegro,MNE,GDP per capita (current US$),NY.GDP.PCAP.CD,6517.19267514764,7033.43962398373,7803.35824465203,8850.3749248372,8909.6538759126
Montenegro,MNE,GDP per capita growth (annual %),NY.GDP.PCAP.KD.ZG,3.33238457780671,2.92545800874741,4.70468752737763,5.10254439807166,4.09623694324546
Morocco,MAR,GDP (current US$),NY.GDP.MKTP.CD,110413823841.592,111572947004.917,118540573367.844,127341147581.818,128920266409.458
Morocco,MAR,GDP per capita (current US$),NY.GDP.PCAP.CD,3139.22827148438,3132.9521484375,3288.50268554688,3492.67260742188,3498.58276367188
Morocco,MAR,GDP per capita growth (annual %),NY.GDP.PCAP.KD.ZG,3.0224298760333,-0.722002650636625,3.79227702365303,1.89944589579329,1.80265718208821
Mozambique,MOZ,GDP (current US$),NY.GDP.MKTP.CD,16208985769.615,12069051237.1711,13264640645.7768,15017358750.6113,15512759174.573
Mozambique,MOZ,GDP per capita (current US$),NY.GDP.PCAP.CD,603.838513777915,435.760991009624,464.294721264472,510.379996498468,512.21576378384
Mozambique,MOZ,GDP per capita growth (annual %),NY.GDP.PCAP.KD.ZG,4.17432297357378,1.47158575392668,-0.497934417344908,0.479848749390399,-0.593444438404731
Myanmar,MMR,GDP (current US$),NY.GDP.MKTP.CD,59687411768.8224,63216143490.1423,66055090634.4518,67855845007.3168,75072038085.8542
Myanmar,MMR,GDP per capita (current US$),NY.GDP.PCAP.CD,1159.34020074533,1218.21703407842,1263.28526342903,1288.41808699092,1415.37967619462
Myanmar,MMR,GDP per capita growth (annual %),NY.GDP.PCAP.KD.ZG,6.13764278614445,5.20340363692939,5.33231433903833,5.50679808737398,5.82719584398748
Namibia,NAM,GDP (current US$),NY.GDP.MKTP.CD,11335161083.5061,10722018732.0936,12895153160.466,13682018827.0434,12541928102.7657
Namibia,NAM,GDP per capita (current US$),NY.GDP.PCAP.CD,4965.67276506551,4614.89207493896,5453.57062341501,5687.38104280011,5126.17614281673
Namibia,NAM,GDP per capita growth (annual %),NY.GDP.PCAP.KD.ZG,2.45071097789892,-1.71633797777358,-2.75101363036156,-0.66855426548112,-2.49939821462576
Nauru,NRU,GDP (current US$),NY.GDP.MKTP.CD,84863440.5801997,97541943.0355053,109355638.866955,130995566.30391,125160115.547819
Nauru,NRU,GDP per capita (current US$),NY.GDP.PCAP.CD,7587.25441038889,8528.63015087044,9361.03739658919,10985.8743965037,10316.5278229326
Nauru,NRU,GDP per capita growth (annual %),NY.GDP.PCAP.KD.ZG,-7.72682416646285,5.62035498819623,-8.44279264712409,5.73051770121663,6.4008445327695
Nepal,NPL,GDP (current US$),NY.GDP.MKTP.CD,24360801337.6944,24524109483.5293,28971588880.3546,33111525183.2178,34186180695.9969
Nepal,NPL,GDP per capita (current US$),NY.GDP.PCAP.CD,882.307663444541,880.224893639824,1027.96547447264,1161.5343496373,1185.68231817311
Nepal,NPL,GDP per capita growth (annual %),NY.GDP.PCAP.KD.ZG,3.41788430259847,-0.471182003735137,7.73126907720822,6.40186328295844,5.45191654383777
Netherlands,NLD,GDP (current US$),NY.GDP.MKTP.CD,765572770634.375,784060430240.08,833869641687.06,914043438179.607,910194347568.626
Netherlands,NLD,GDP per capita (current US$),NY.GDP.PCAP.CD,45193.4032187971,46039.1059284098,48675.2223350213,53044.5324352253,52476.2732533327
Netherlands,NLD,GDP per capita growth (annual %),NY.GDP.PCAP.KD.ZG,1.50826618391271,1.64931554652068,2.30428473259315,1.76493726416223,1.28988912106223
New Caledonia,NCL,GDP (current US$),NY.GDP.MKTP.CD,8738203074.3957,8724568954.89799,9174048681.98577,9896402283.68587,9475655324.59495
New Caledonia,NCL,GDP per capita (current US$),NY.GDP.PCAP.CD,32428.5722348241,32286.9104984753,33876.3290941463,36495.1959423457,34934.5794300065
New Caledonia,NCL,GDP per capita growth (annual %),NY.GDP.PCAP.KD.ZG,..,..,..,3.85764461057244,-1.42544610137938
New Zealand,NZL,GDP (current US$),NY.GDP.MKTP.CD,178064471137.921,188838342527.975,206556258844.567,211886686924.483,213091987153.092
New Zealand,NZL,GDP per capita (current US$),NY.GDP.PCAP.CD,38630.7265886928,40058.1961621466,42910.9728362488,43236.8866923404,42796.4305818389
New Zealand,NZL,GDP per capita growth (annual %),NY.GDP.PCAP.KD.ZG,1.64567824975315,1.49632454697158,1.38450151633268,1.68730805478904,0.828804838155989
Nicaragua,NIC,GDP (current US$),NY.GDP.MKTP.CD,12756685522.4807,13286101284.7856,13785924374.2151,13025234958.647,12699028991.3771
Nicaragua,NIC,GDP per capita (current US$),NY.GDP.PCAP.CD,2025.32143224265,2079.45102735861,2127.28281786358,1981.85836665362,1905.63832831484
Nicaragua,NIC,GDP per capita growth (annual %),NY.GDP.PCAP.KD.ZG,3.29662812587597,3.07960917279462,3.15679440191678,-4.7110101419611,-4.23309787067595
Niger,NER,GDP (current US$),NY.GDP.MKTP.CD,9683867926.44282,10398861981.7583,11185104251.6785,12837307496.8797,12889555561.304
Niger,NER,GDP per capita (current US$),NY.GDP.PCAP.CD,481.111301105002,497.036120831726,514.543398015622,568.599659746618,549.81612778082
Niger,NER,GDP per capita growth (annual %),NY.GDP.PCAP.KD.ZG,0.471154424128144,1.72985153319473,1.06279578957282,3.22662246858411,2.02491576199091
Nigeria,NGA,GDP (current US$),NY.GDP.MKTP.CD,493026682800.63,404649125252.16,375745731053.427,421739251509.08,474517491092.913
Nigeria,NGA,GDP per capita (current US$),NY.GDP.PCAP.CD,2679.5542234874,2144.78034442697,1941.87947889475,2125.83449073877,2334.02364318105
Nigeria,NGA,GDP per capita growth (annual %),NY.GDP.PCAP.KD.ZG,0.0769616167241907,-4.05270636180217,-1.70987309225109,-0.590389271247744,-0.26345637824295
North Macedonia,MKD,GDP (current US$),NY.GDP.MKTP.CD,10064519962.5655,10672467073.2873,11307067069.6658,12683068114.2388,12606338448.547
North Macedonia,MKD,GDP per capita (current US$),NY.GDP.PCAP.CD,4861.55615984223,5149.58676436907,5450.49706853299,6108.73917044261,6070.38805358275
North Macedonia,MKD,GDP per capita growth (annual %),NY.GDP.PCAP.KD.ZG,3.71765660257569,2.73585322254593,0.98373642544189,2.79561511891441,3.88655214622943
Northern Mariana Islands,MNP,GDP (current US$),NY.GDP.MKTP.CD,910000000,1230000000,1560000000,1301000000,1181000000
Northern Mariana Islands,MNP,GDP per capita (current US$),NY.GDP.PCAP.CD,17665.1007493109,24054.9156122269,30751.6410731534,25862.7544529262,23687.2718520599
Northern Mariana Islands,MNP,GDP per capita growth (annual %),NY.GDP.PCAP.KD.ZG,4.06981852659369,30.1749009860797,24.1516494389845,-18.5867821588383,-10.527482957259
Norway,NOR,GDP (current US$),NY.GDP.MKTP.CD,388159512245.53,370956547619.048,401745275035.261,439788625883.8,408742840909.091
Norway,NOR,GDP per capita (current US$),NY.GDP.PCAP.CD,74809.9658049898,70867.3609970749,76131.8384032764,82792.8427113304,76430.5889473338
Norway,NOR,GDP per capita growth (annual %),NY.GDP.PCAP.KD.ZG,0.848799124216399,0.277407784487878,1.63950714511496,0.165560772299784,0.443398577675566
Oman,OMN,GDP (current US$),NY.GDP.MKTP.CD,78710793237.9714,75128738621.5865,80856697009.1027,91505851755.5267,88060858257.4772
Oman,OMN,GDP per capita (current US$),NY.GDP.PCAP.CD,18777.4330589162,17082.2061998982,17802.5751178049,19887.5743113149,19132.1522739094
Oman,OMN,GDP per capita growth (annual %),NY.GDP.PCAP.KD.ZG,0.444638517235134,0.119161082356882,-2.87132381204755,-0.0183566727402678,-1.16331668317662
Pakistan,PAK,GDP (current US$),NY.GDP.MKTP.CD,299963590534.773,313630000130.435,339205534861.1,356128166704.921,320909472770.669
Pakistan,PAK,GDP per capita (current US$),NY.GDP.PCAP.CD,1421.83527830089,1468.82208238833,1567.6406123353,1620.74259148331,1437.1658330724
Pakistan,PAK,GDP per capita growth (annual %),NY.GDP.PCAP.KD.ZG,2.87542459493075,5.29832429882757,3.05478922007623,4.53244520613151,0.862674221586389
Palau,PLW,GDP (current US$),NY.GDP.MKTP.CD,280457700,298300000,285600000,288546281.25,281970375
Palau,PLW,GDP per capita (current US$),NY.GDP.PCAP.CD,15761.3633809149,16743.376740009,16011.6611537815,16152.3892325347,15738.4670127261
Palau,PLW,GDP per capita growth (annual %),NY.GDP.PCAP.KD.ZG,7.55115034053378,-0.206754779293234,-4.19174162710635,1.25659200596699,-0.0925333452950525
Panama,PAN,GDP (current US$),NY.GDP.MKTP.CD,54091800000,57907700000,62202700000,67294169200,69721787500
Panama,PAN,GDP per capita (current US$),NY.GDP.PCAP.CD,13669.5594424097,14382.2323819969,15185.9724813803,16156.0742859681,16472.8317470488
Panama,PAN,GDP per capita growth (annual %),NY.GDP.PCAP.KD.ZG,3.90792888074709,3.14843275886638,3.79367797647103,1.96303772715136,1.6401875183941
Papua New Guinea,PNG,GDP (current US$),NY.GDP.MKTP.CD,21723437010.0982,20758876952.6232,22742699138.356,24109780708.0268,24751066910.5409
Papua New Guinea,PNG,GDP per capita (current US$),NY.GDP.PCAP.CD,2502.07344498028,2332.67588834678,2495.14077312932,2584.32780208122,2593.77555393227
Papua New Guinea,PNG,GDP per capita growth (annual %),NY.GDP.PCAP.KD.ZG,3.90203126621873,2.91734310228075,1.08531216872012,-2.57131996144417,2.14546338635098
Paraguay,PRY,GDP (current US$),NY.GDP.MKTP.CD,36211447840.0971,36089700222.9461,38997129473.5558,40225448340.6322,37925338329.1494
Paraguay,PRY,GDP per capita (current US$),NY.GDP.PCAP.CD,5861.40189546648,5759.04219789251,6136.0583014952,6242.96145417898,5807.83879407975
Paraguay,PRY,GDP per capita growth (annual %),NY.GDP.PCAP.KD.ZG,1.50345764723987,2.79275975879854,3.34581598704227,1.79595163131663,-1.72420205098025
Peru,PER,GDP (current US$),NY.GDP.MKTP.CD,189802976285.619,191898104390.379,211007984080.911,222597009739.235,228325821196.153
Peru,PER,GDP per capita (current US$),NY.GDP.PCAP.CD,6180.11926810233,6163.86042474328,6676.30879274916,6912.10398761205,6955.88082448096
Peru,PER,GDP per capita growth (annual %),NY.GDP.PCAP.KD.ZG,2.04895673228597,2.54786708172743,0.985513944113038,2.03724979302511,0.306641968886368
Philippines,PHL,GDP (current US$),NY.GDP.MKTP.CD,306445871246.718,318627003012.52,328480736798.792,346841896583.515,376823402244.928
Philippines,PHL,GDP per capita (current US$),NY.GDP.PCAP.CD,2974.29691673713,3038.15203684461,3077.43441889625,3194.67270132209,3413.84904430419
Philippines,PHL,GDP per capita growth (annual %),NY.GDP.PCAP.KD.ZG,4.58721825070494,5.26557127641811,5.06439325253496,4.54870091782639,4.37652555122709
Poland,POL,GDP (current US$),NY.GDP.MKTP.CD,477111287969.227,470024559642.469,524641206566.631,588779850758.053,596058473058.766
Poland,POL,GDP per capita (current US$),NY.GDP.PCAP.CD,12560.051419682,12378.8117641782,13815.4999463758,15504.5089370714,15700.0135796738
Poland,POL,GDP per capita growth (annual %),NY.GDP.PCAP.KD.ZG,4.45288399815828,2.99777305502597,5.12689681500834,5.94542050836115,4.47550510562556
Portugal,PRT,GDP (current US$),NY.GDP.MKTP.CD,199394066525.44,206426152308.931,221357874718.93,242313116577.967,239986922638.902
Portugal,PRT,GDP per capita (current US$),NY.GDP.PCAP.CD,19250.1065376852,19991.9724878805,21490.429863104,23562.5545228191,23330.817288932
Portugal,PRT,GDP per capita growth (annual %),NY.GDP.PCAP.KD.ZG,2.2144828853083,2.34182321593775,3.75909438887767,3.01412372965098,2.65839260557085
Puerto Rico,PRI,GDP (current US$),NY.GDP.MKTP.CD,103375500000,104336700000,103445500000,100958100000,105126400000
Puerto Rico,PRI,GDP per capita (current US$),NY.GDP.PCAP.CD,29763.4883013861,30627.1634017011,31108.7527508912,31615.0667918433,32916.866800639
Puerto Rico,PRI,GDP per capita growth (annual %),NY.GDP.PCAP.KD.ZG,0.706704568897791,0.666133347916414,-0.509099448693803,-0.409307043581293,1.66423879920615
Qatar,QAT,GDP (current US$),NY.GDP.MKTP.CD,161739955576.923,151732181868.132,161099122225.275,183334953818.681,176371267689.082
Qatar,QAT,GDP per capita (current US$),NY.GDP.PCAP.CD,66984.9102002396,58467.2355711087,59407.6980498883,66264.081168209,62827.3969543275
Qatar,QAT,GDP per capita growth (annual %),NY.GDP.PCAP.KD.ZG,-3.92809919619101,-4.1078624678908,-5.73260962173684,-0.776739175354805,-0.764496635805145
Romania,ROU,GDP (current US$),NY.GDP.MKTP.CD,177883883008.747,185287630540.431,210147163769.848,243316029944.056,251017797625.017
Romania,ROU,GDP per capita (current US$),NY.GDP.PCAP.CD,8976.9544892648,9404.38125929526,10727.9708633184,12494.4235789649,12957.9991142218
Romania,ROU,GDP per capita growth (annual %),NY.GDP.PCAP.KD.ZG,3.64655356590626,3.44929521895125,8.82370076808195,6.65376580785784,4.40172136610761
Russian Federation,RUS,GDP (current US$),NY.GDP.MKTP.CD,1363482182197.71,1276786350881.14,1574199360089,1657328773461.31,1693115002708.32
Russian Federation,RUS,GDP per capita (current US$),NY.GDP.PCAP.CD,9313.021484375,8704.89453125,10720.33203125,11287.3544921875,11536.2587890625
Russian Federation,RUS,GDP per capita growth (annual %),NY.GDP.PCAP.KD.ZG,-2.18388547157608,0.0102479204324482,1.70938569423402,2.81552410737709,2.24397951657973
Rwanda,RWA,GDP (current US$),NY.GDP.MKTP.CD,8544621756.79813,8696069807.42495,9252834120.39358,9636254325.02444,10346326599.029
Rwanda,RWA,GDP per capita (current US$),NY.GDP.PCAP.CD,733.887472832132,728.869618913457,756.547641107379,768.943661203909,806.100820273159
Rwanda,RWA,GDP per capita growth (annual %),NY.GDP.PCAP.KD.ZG,6.29030594994697,3.41326078490324,1.38434574836437,5.92517940640536,6.87630418782115
Samoa,WSM,GDP (current US$),NY.GDP.MKTP.CD,824150498.653536,843924796.697421,884844384.463214,878448433.404342,912950466.064906
Samoa,WSM,GDP per capita (current US$),NY.GDP.PCAP.CD,4048.46711296568,4105.8109051951,4261.64034322214,4189.05219052051,4308.3007294066
Samoa,WSM,GDP per capita growth (annual %),NY.GDP.PCAP.KD.ZG,2.92496204784439,6.94733463410893,0.387482105507914,-1.59122287483045,3.36546691550508
San Marino,SMR,GDP (current US$),NY.GDP.MKTP.CD,1419400403.82788,1468342430.7393,1528621195.4832,1655354303.86998,1616188702.33964
San Marino,SMR,GDP per capita (current US$),NY.GDP.PCAP.CD,42281.8112549264,43398.4285257227,44885.517837773,48464.5246477919,47287.3983948633
San Marino,SMR,GDP per capita growth (annual %),NY.GDP.PCAP.KD.ZG,1.73997852818752,1.54583273797132,-0.395285594495562,1.19675721727393,1.99998659410139
Sao Tome and Principe,STP,GDP (current US$),NY.GDP.MKTP.CD,259999643.047388,292267272.196925,322002845.229335,383717327.830508,412976064.479214
Sao Tome and Principe,STP,GDP per capita (current US$),NY.GDP.PCAP.CD,1292.73305546523,1428.25790783907,1547.82270967205,1815.60549545058,1924.40814952173
Sao Tome and Principe,STP,GDP per capita growth (annual %),NY.GDP.PCAP.KD.ZG,-0.29143919030804,3.37377877143992,2.40941467800187,2.74439117312018,0.466984036333457
Saudi Arabia,SAU,GDP (current US$),NY.GDP.MKTP.CD,669484381328.891,665999879694.192,714994694991.651,846583791842.629,838564705295.139
Saudi Arabia,SAU,GDP per capita (current US$),NY.GDP.PCAP.CD,20442.3660631613,19930.407543816,20910.4829617971,24175.5833140113,23405.7060995766
Saudi Arabia,SAU,GDP per capita growth (annual %),NY.GDP.PCAP.KD.ZG,2.69452107756302,0.321643716787506,-2.34006849997688,0.341212854265805,-1.44520818534598
Senegal,SEN,GDP (current US$),NY.GDP.MKTP.CD,17774766696.1759,19040312333.1864,20996562943.5979,23116701556.1381,23403995992.1354
Senegal,SEN,GDP per capita (current US$),NY.GDP.PCAP.CD,1238.12639978389,1290.74997126951,1385.1992136057,1484.22707035644,1462.67835252138
Senegal,SEN,GDP per capita growth (annual %),NY.GDP.PCAP.KD.ZG,3.50805418581042,3.50688918830319,4.52749063094035,3.36482160369562,1.82926307036557
Serbia,SRB,GDP (current US$),NY.GDP.MKTP.CD,39655949731.3816,40692661657.284,44179075778.9267,50640662859.4987,51514242938.6734
Serbia,SRB,GDP per capita (current US$),NY.GDP.PCAP.CD,5588.9794435877,5765.20335248009,6292.5465490011,7252.40366767165,7417.20660836868
Serbia,SRB,GDP per capita growth (annual %),NY.GDP.PCAP.KD.ZG,2.31101588882194,3.88118476026682,2.64598586238259,5.0675948814029,4.89309425558007
Seychelles,SYC,GDP (current US$),NY.GDP.MKTP.CD,1391427967.33495,1458954073.30681,1529773473.31153,1588050311.16454,1645090567.04612
Seychelles,SYC,GDP per capita (current US$),NY.GDP.PCAP.CD,14894.4857827096,15409.8046337211,15961.2436308497,16411.9211174277,16851.1197648771
Seychelles,SYC,GDP per capita growth (annual %),NY.GDP.PCAP.KD.ZG,1.89697242342477,3.7082693529568,1.53623503733264,2.72172275290481,3.94987848261775
Sierra Leone,SLE,GDP (current US$),NY.GDP.MKTP.CD,4252029353.82191,3862721266.02162,3719443418.26155,4085114387.55605,4076578698.79107
Sierra Leone,SLE,GDP per capita (current US$),NY.GDP.PCAP.CD,581.293411814954,515.447839602837,484.456128767591,519.649963861622,506.606913779078
Sierra Leone,SLE,GDP per capita growth (annual %),NY.GDP.PCAP.KD.ZG,-22.3833148317162,3.80453756664755,1.27194946638203,1.0547690134314,2.82676305120302
Singapore,SGP,GDP (current US$),NY.GDP.MKTP.CD,307998545269.398,319030057631.089,343272878686.388,376869492498.009,376837580397.579
Singapore,SGP,GDP per capita (current US$),NY.GDP.PCAP.CD,55645.6068614606,56895.6583127851,61164.8973569773,66836.521995236,66070.4868123062
Singapore,SGP,GDP per capita growth (annual %),NY.GDP.PCAP.KD.ZG,1.76232468638902,2.26617300748153,4.45214734181411,3.09007521518672,0.178353464947364
Sint Maarten (Dutch part),SXM,GDP (current US$),NY.GDP.MKTP.CD,1417888712.18062,1427017201.87971,1353212141.44053,1259200442.69574,1407880465.5512
Sint Maarten (Dutch part),SXM,GDP per capita (current US$),NY.GDP.PCAP.CD,36519.9925867513,35703.0999494536,33351.7065470628,30791.0610758219,33836.7733501056
Sint Maarten (Dutch part),SXM,GDP per capita growth (annual %),NY.GDP.PCAP.KD.ZG,-2.83354819455862,-1.92215629471826,-8.91395955959119,-7.58809815317024,9.06348910544273
Slovak Republic,SVK,GDP (current US$),NY.GDP.MKTP.CD,88900883130.8374,89952699524.894,95649966260.9802,106137924015.593,105711680180.565
Slovak Republic,SVK,GDP per capita (current US$),NY.GDP.PCAP.CD,16390.8821748507,16563.4404971229,17585.197002257,19486.3936845505,19381.8905468746
Slovak Republic,SVK,GDP per capita growth (annual %),NY.GDP.PCAP.KD.ZG,5.06728462990019,1.81260702828008,2.7784542927246,3.88639887857198,2.37262351593202
Slovenia,SVN,GDP (current US$),NY.GDP.MKTP.CD,43107506024.3254,44766722790.5826,48589100043.0954,54177882425.8431,54386654313.9685
Slovenia,SVN,GDP per capita (current US$),NY.GDP.PCAP.CD,20890.1664304173,21678.3594670629,23514.0254604147,26123.7471277911,26042.4463468032
Slovenia,SVN,GDP per capita growth (annual %),NY.GDP.PCAP.KD.ZG,2.13325802761534,3.11634660116351,4.74710618321161,4.07631630530021,2.80435041419331
Solomon Islands,SLB,GDP (current US$),NY.GDP.MKTP.CD,1307909887.55212,1379490304.2254,1469789119.08756,1615478393.28614,1619155017.3924
Solomon Islands,SLB,GDP per capita (current US$),NY.GDP.PCAP.CD,2134.80541826155,2196.28389055503,2283.57905127379,2450.4828877801,2398.77305007963
Solomon Islands,SLB,GDP per capita growth (annual %),NY.GDP.PCAP.KD.ZG,-0.860529804071021,2.95964958146601,0.587961871197322,0.312349382868433,-0.623761217915714
Somalia,SOM,GDP (current US$),NY.GDP.MKTP.CD,6984947145.09369,7390796616.53029,8252394373.29875,8278212314.40591,9420431258.24667
Somalia,SOM,GDP per capita (current US$),NY.GDP.PCAP.CD,507.482915466996,517.09758150565,555.185123613189,537.15929021041,589.465891901577
Somalia,SOM,GDP per capita growth (annual %),NY.GDP.PCAP.KD.ZG,6.31486425901149,2.48582089527081,5.29105137976767,-0.660791770923225,-0.0705312434790102
South Africa,ZAF,GDP (current US$),NY.GDP.MKTP.CD,346709790458.563,323585509674.481,381448814654.62,405260723892.868,389330032221.07
South Africa,ZAF,GDP per capita (current US$),NY.GDP.PCAP.CD,6204.92990145846,5735.06678717842,6734.47515314548,7067.72416484458,6702.52661666304
South Africa,ZAF,GDP per capita growth (annual %),NY.GDP.PCAP.KD.ZG,-0.75792811406113,-0.309171167254917,0.766941612663501,0.319770420910046,-1.03013294248167
South Sudan,SSD,GDP (current US$),NY.GDP.MKTP.CD,11997800760.2242,..,..,..,..
South Sudan,SSD,GDP per capita (current US$),NY.GDP.PCAP.CD,1071.77776475545,..,..,..,..
South Sudan,SSD,GDP per capita growth (annual %),NY.GDP.PCAP.KD.ZG,-10.6420744058549,..,..,..,..
Spain,ESP,GDP (current US$),NY.GDP.MKTP.CD,1196156971279.69,1233554967011.68,1313245330197.65,1421702715218.04,1394320055129.41
Spain,ESP,GDP per capita (current US$),NY.GDP.PCAP.CD,25754.36102944,26537.1594894542,28185.3213671969,30379.7211126422,29581.5185513299
Spain,ESP,GDP per capita growth (annual %),NY.GDP.PCAP.KD.ZG,3.91911726500582,2.95081590903861,2.73447515505379,1.83746046437267,1.25463175469125
Sri Lanka,LKA,GDP (current US$),NY.GDP.MKTP.CD,85140955388.8509,88012282205.8357,94376237797.2367,94493871200.7869,89014978344.1404
Sri Lanka,LKA,GDP per capita (current US$),NY.GDP.PCAP.CD,3990.35311739446,4107.82977539914,4388.20190593728,4360.58473469252,4082.69404871533
Sri Lanka,LKA,GDP per capita growth (annual %),NY.GDP.PCAP.KD.ZG,3.73104658496399,4.61823485070565,6.05814482142807,1.53963313430194,-0.829146714268376
St. Kitts and Nevis,KNA,GDP (current US$),NY.GDP.MKTP.CD,957025925.925926,1007348148.14815,1058366666.66667,1076240740.74074,1107155555.55556
St. Kitts and Nevis,KNA,GDP per capita (current US$),NY.GDP.PCAP.CD,20025.652352499,21079.520970707,22148.5124341669,22533.8820531551,23204.9705641255
St. Kitts and Nevis,KNA,GDP per capita growth (annual %),NY.GDP.PCAP.KD.ZG,0.711907425085585,3.92700734234377,0.024394479691054,2.10411561342116,4.15634386884645
St. Lucia,LCA,GDP (current US$),NY.GDP.MKTP.CD,1807225925.92593,1865459259.25926,1996711111.11111,2057066666.66667,2102534000
St. Lucia,LCA,GDP per capita (current US$),NY.GDP.PCAP.CD,10290.3715682224,10574.3865772889,11270.4747103578,11563.8304251364,11773.4274818992
St. Lucia,LCA,GDP per capita growth (annual %),NY.GDP.PCAP.KD.ZG,-0.364901738943885,2.96469066660285,2.94934202066327,2.46146753843239,-1.03679723175233
St. Martin (French part),MAF,GDP (current US$),NY.GDP.MKTP.CD,..,..,..,..,652206037.103874
St. Martin (French part),MAF,GDP per capita (current US$),NY.GDP.PCAP.CD,..,..,..,..,19691.6167115689
St. Martin (French part),MAF,GDP per capita growth (annual %),NY.GDP.PCAP.KD.ZG,1.69505996573385,5.63040418258598,-7.15990259740261,-6.24979321753514,8.85051779837565
St. Vincent and the Grenadines,VCT,GDP (current US$),NY.GDP.MKTP.CD,786555555.555555,814303703.703704,844037037.037037,884329629.62963,910766666.666667
St. Vincent and the Grenadines,VCT,GDP per capita (current US$),NY.GDP.PCAP.CD,7386.74663845115,7684.79283998852,7996.63698412147,8399.70773102107,8680.25110238522
St. Vincent and the Grenadines,VCT,GDP per capita growth (annual %),NY.GDP.PCAP.KD.ZG,3.20016893531533,4.65979948418092,1.94640881363399,3.4382520315516,1.00422522014088
Sudan,SDN,GDP (current US$),NY.GDP.MKTP.CD,84984666745.108,102943509633.573,129718581297.431,32333780383.2924,32338079165.2893
Sudan,SDN,GDP per capita (current US$),NY.GDP.PCAP.CD,2226.40942382813,2614.29443359375,3188.76928710938,769.869140625,748.010925292969
Sudan,SDN,GDP per capita growth (annual %),NY.GDP.PCAP.KD.ZG,-1.20799806155449,0.298783690019718,-2.51568638689621,-5.73781228362907,-4.96825070175018
Suriname,SUR,GDP (current US$),NY.GDP.MKTP.CD,5126237646.22072,3317421648.09918,3591679430.99988,3996198866.57453,4016040575.08796
Suriname,SUR,GDP per capita (current US$),NY.GDP.PCAP.CD,8907.83725830091,5705.39948731743,6112.88301430134,6730.83696146221,6690.04478601228
Suriname,SUR,GDP per capita growth (annual %),NY.GDP.PCAP.KD.ZG,-4.38340501137017,-5.89336062948988,0.512884173502925,3.86010326545345,0.0576636748633064
Sweden,SWE,GDP (current US$),NY.GDP.MKTP.CD,505103781349.757,515654671469.547,541018749769.097,555455371487.089,533879529188.454
Sweden,SWE,GDP per capita (current US$),NY.GDP.PCAP.CD,51545.4836095322,51965.1571531985,53791.5087298403,54589.0603860606,51939.4297445291
Sweden,SWE,GDP per capita growth (annual %),NY.GDP.PCAP.KD.ZG,3.39017629600058,0.79614630049835,1.19514757132167,0.772577449000039,0.957561656419784
Switzerland,CHE,GDP (current US$),NY.GDP.MKTP.CD,694118186379.628,687895460902.713,695200833086.499,725568717468.001,721369112726.724
Switzerland,CHE,GDP per capita (current US$),NY.GDP.PCAP.CD,83806.4476003837,82153.0745447889,82254.3769269767,85217.3691512274,84121.9310304414
Switzerland,CHE,GDP per capita growth (annual %),NY.GDP.PCAP.KD.ZG,0.494129822392765,0.960131673178253,0.421326163056477,2.10552472012415,0.423089768227314
Syrian Arab Republic,SYR,GDP (current US$),NY.GDP.MKTP.CD,16468399173.0006,12598742889.2732,16369724424.2585,21496337948.9175,22600896342.9399
Syrian Arab Republic,SYR,GDP per capita (current US$),NY.GDP.PCAP.CD,857.497867137736,664.341672388301,862.319063332871,1111.87209187084,1124.52055370091
Syrian Arab Republic,SYR,GDP per capita growth (annual %),NY.GDP.PCAP.KD.ZG,0.146192498505599,-5.21654691915067,-0.823278239065289,-0.442849729031707,-2.63099215855095
Tajikistan,TJK,GDP (current US$),NY.GDP.MKTP.CD,8271431932.39205,6992416096.89018,7536403146.65439,7765000282.26569,8300813889.60795
Tajikistan,TJK,GDP per capita (current US$),NY.GDP.PCAP.CD,970.362599665447,801.39383995978,844.36524984854,850.666958175637,889.023371804416
Tajikistan,TJK,GDP per capita growth (annual %),NY.GDP.PCAP.KD.ZG,3.56019355333524,4.43428362152531,4.69765731427563,5.21172239781247,4.9974362009344
Tanzania,TZA,GDP (current US$),NY.GDP.MKTP.CD,47413919817.124,49774409374.4538,53274884532.7886,57003712892.0858,61026731925.9213
Tanzania,TZA,GDP per capita (current US$),NY.GDP.PCAP.CD,929.7998046875,942.889038085938,975.904663085938,1011.60015869141,1050.93176269531
Tanzania,TZA,GDP per capita growth (annual %),NY.GDP.PCAP.KD.ZG,2.68536728529934,3.23214355083614,3.25034368145106,2.16418480432814,2.66781708219399
Thailand,THA,GDP (current US$),NY.GDP.MKTP.CD,401296238228.084,413366349747.508,456356813536.764,506754208404.485,543976691793.886
Thailand,THA,GDP per capita (current US$),NY.GDP.PCAP.CD,5708.79409105798,5854.4639077194,6436.78965986703,7124.55881041403,7628.57603307351
Thailand,THA,GDP per capita growth (annual %),NY.GDP.PCAP.KD.ZG,2.64481251549444,2.977158499243,3.74984374367759,3.88643966054494,1.85684899765484
Timor-Leste,TLS,GDP (current US$),NY.GDP.MKTP.CD,1595205100,1652603700,1598208400,1566157200,2027034000
Timor-Leste,TLS,GDP per capita (current US$),NY.GDP.PCAP.CD,1322.9290943123,1349.54677672507,1285.5239757568,1241.16448533695,1583.07860279061
Timor-Leste,TLS,GDP per capita growth (annual %),NY.GDP.PCAP.KD.ZG,1.00843564258626,1.78552739164969,-4.59930822213956,-2.15740770257085,21.6199740170024
Togo,TGO,GDP (current US$),NY.GDP.MKTP.CD,5755457836.01866,6071167584.1951,6387424239.8801,7029215766.46367,6992654019.28876
Togo,TGO,GDP per capita (current US$),NY.GDP.PCAP.CD,770.143379256632,792.440550873266,813.395006476051,873.554887235302,848.304534594506
Togo,TGO,GDP per capita growth (annual %),NY.GDP.PCAP.KD.ZG,2.85934049651269,1.65589269188374,1.4723340156571,2.27015290216892,2.4227503217158
Tonga,TON,GDP (current US$),NY.GDP.MKTP.CD,437003078.563584,420548712.433288,460374354.847247,488906838.594866,512053692.078675
Tonga,TON,GDP per capita (current US$),NY.GDP.PCAP.CD,4117.93104694205,3978.43768561484,4367.25660339844,4649.61330094975,4878.97868604087
Tonga,TON,GDP per capita growth (annual %),NY.GDP.PCAP.KD.ZG,1.65237893342727,6.98939252059962,3.60863612360343,0.493856827697542,0.897435308576604
Trinidad and Tobago,TTO,GDP (current US$),NY.GDP.MKTP.CD,27026080986.578,23713671528.1421,24040299977.8745,24569079488.3913,23775754304.6652
Trinidad and Tobago,TTO,GDP per capita (current US$),NY.GDP.PCAP.CD,18508.770502876,16139.105257595,16258.7489291438,16328.1268925695,15642.4067190576
Trinidad and Tobago,TTO,GDP per capita growth (annual %),NY.GDP.PCAP.KD.ZG,-1.42411370065274,-8.10317033431107,-5.39810957258538,-2.3266731053272,-0.645428670423598
Tunisia,TUN,GDP (current US$),NY.GDP.MKTP.CD,45779494041.9295,44360072680.4476,42163530590.9462,42686580020.8322,41905540184.424
Tunisia,TUN,GDP per capita (current US$),NY.GDP.PCAP.CD,3960.92484913663,3796.1095999439,3569.71883883673,3577.17534204669,3477.83618091653
Tunisia,TUN,GDP per capita growth (annual %),NY.GDP.PCAP.KD.ZG,-0.157752712066511,0.0107962284909888,1.14914305986389,1.57917937071691,0.607548293213767
Turkiye,TUR,GDP (current US$),NY.GDP.MKTP.CD,864313810469.009,869682881593.041,858988492853.742,778972199727.859,761005946788.221
Turkiye,TUR,GDP per capita (current US$),NY.GDP.PCAP.CD,11049.9951100942,10970.0458948862,10695.550196231,9568.83618958168,9215.44087472889
Turkiye,TUR,GDP per capita growth (annual %),NY.GDP.PCAP.KD.ZG,4.6785959933809,1.94225845985372,6.11695888825578,1.62818524031636,-0.612618493559708
Turkmenistan,TKM,GDP (current US$),NY.GDP.MKTP.CD,35799714285.7143,36169428571.4286,37926285714.2857,40765428571.4286,45232857142.8571
Turkmenistan,TKM,GDP per capita (current US$),NY.GDP.PCAP.CD,6208.2966545016,6163.25340597611,6354.53282979422,6721.34954037245,7344.88020350303
Turkmenistan,TKM,GDP per capita growth (annual %),NY.GDP.PCAP.KD.ZG,4.59254389544923,4.35181162919179,4.71877337208811,4.50706954385672,4.6886240393401
Turks and Caicos Islands,TCA,GDP (current US$),NY.GDP.MKTP.CD,942070000,1032452000,1022365000,1113178000,1197415000
Turks and Caicos Islands,TCA,GDP per capita (current US$),NY.GDP.PCAP.CD,25783.2941047676,26995.0321602259,25659.1958638691,26831.9714609396,27795.1485608171
Turks and Caicos Islands,TCA,GDP per capita growth (annual %),NY.GDP.PCAP.KD.ZG,6.58354239873972,2.46152891612343,-6.40098673791654,1.42847026256436,1.42989014350586
Tuvalu,TUV,GDP (current US$),NY.GDP.MKTP.CD,36811936.0824587,41629064.2232388,45276595.3533146,48015259.8751356,54123198.5662913
Tuvalu,TUV,GDP per capita (current US$),NY.GDP.PCAP.CD,3384.38320147639,3836.07300251003,4181.43658600984,4419.25999771152,4940.05098268449
Tuvalu,TUV,GDP per capita growth (annual %),NY.GDP.PCAP.KD.ZG,10.6399972418866,5.90378958056597,2.67546724101535,1.04201651504239,12.8766976595627
Uganda,UGA,GDP (current US$),NY.GDP.MKTP.CD,32387183730.1002,29203988696.2626,30744473841.424,32927025619.6795,35348155095.4215
Uganda,UGA,GDP per capita (current US$),NY.GDP.PCAP.CD,864.180059289672,753.684405508036,766.177604015442,793.128082237434,823.024732902811
Uganda,UGA,GDP per capita growth (annual %),NY.GDP.PCAP.KD.ZG,1.98592377035136,1.34418674739261,-0.412239332308602,2.74903046108834,2.88570892180931
Ukraine,UKR,GDP (current US$),NY.GDP.MKTP.CD,91030967789.0717,93355869403.9223,112090505081.739,130891088293.55,153883047509.577
Ukraine,UKR,GDP per capita (current US$),NY.GDP.PCAP.CD,2124.66259765625,2187.7275390625,2638.32543945313,3096.5625,3661.45776367188
Ukraine,UKR,GDP per capita growth (annual %),NY.GDP.PCAP.KD.ZG,-9.44383219053168,2.85480260756702,2.81064547083641,4.01638177635452,3.79372391176472
United Arab Emirates,ARE,GDP (current US$),NY.GDP.MKTP.CD,370275469560.166,369255326235.771,390516804016.501,427049432149.345,417989721734.494
United Arab Emirates,ARE,GDP per capita (current US$),NY.GDP.PCAP.CD,41525.1389031283,41054.5395699204,43063.9674770763,46722.2687183733,45376.1708381558
United Arab Emirates,ARE,GDP per capita growth (annual %),NY.GDP.PCAP.KD.ZG,5.81735787418565,4.6535053902119,-0.0873260721437106,0.517239888578146,0.323686531170736
United Kingdom,GBR,GDP (current US$),NY.GDP.MKTP.CD,2927911140916.73,2689106566899.61,2680148052335.3,2871340347581.79,2851407164907.81
United Kingdom,GBR,GDP per capita (current US$),NY.GDP.PCAP.CD,44964.3911437292,40985.2351382417,40572.1214823783,43203.8141057739,42662.5353740311
United Kingdom,GBR,GDP per capita growth (annual %),NY.GDP.PCAP.KD.ZG,1.41349868255548,1.15154932987107,1.96002099357008,0.791214735013071,1.06983334867479
United States,USA,GDP (current US$),NY.GDP.MKTP.CD,18206020741000,18695110842000,19477336549000,20533057312000,21380976119000
United States,USA,GDP per capita (current US$),NY.GDP.PCAP.CD,56762.7294515989,57866.7449341091,59907.754260885,62823.309438197,65120.3946628653
United States,USA,GDP per capita growth (annual %),NY.GDP.PCAP.KD.ZG,1.95300411790625,0.933375361665711,1.59713559028371,2.40486787201,1.82966838809384
Uruguay,URY,GDP (current US$),NY.GDP.MKTP.CD,57680327998.6689,57480788380.312,65006047680.3225,65203071817.9812,62048585618.505
Uruguay,URY,GDP per capita (current US$),NY.GDP.PCAP.CD,16950.7531694816,16837.9403803049,18995.3970195554,19026.0498173005,18098.361548609
Uruguay,URY,GDP per capita growth (annual %),NY.GDP.PCAP.KD.ZG,0.0416798769461195,1.36367741460649,1.48963768853973,0.0144915655816646,0.704262097511574
Uzbekistan,UZB,GDP (current US$),NY.GDP.MKTP.CD,86196264741.8842,86138288632.5513,62081322740.0162,52870108217.2949,60283503705.3907
Uzbekistan,UZB,GDP per capita (current US$),NY.GDP.PCAP.CD,2753.97105782901,2704.67718852896,1916.76462520814,1604.25864156544,1795.20176845657
Uzbekistan,UZB,GDP per capita growth (annual %),NY.GDP.PCAP.KD.ZG,5.36481696760778,4.10607276304242,2.65248473333584,4.05650668062363,4.01139218369858
Vanuatu,VUT,GDP (current US$),NY.GDP.MKTP.CD,730870802.967051,780889605.899977,880061833.690341,914736985.430944,936526267.622513
Vanuatu,VUT,GDP per capita (current US$),NY.GDP.PCAP.CD,2643.8868859095,2757.20330593386,3032.19702965604,3076.8353148388,3076.58988588361
Vanuatu,VUT,GDP per capita growth (annual %),NY.GDP.PCAP.KD.ZG,-1.99743087331125,2.18259585262859,3.74544632653678,0.456982334488742,0.831127736745984
"Venezuela, RB",VEN,GDP (current US$),NY.GDP.MKTP.CD,..,..,..,..,..
"Venezuela, RB",VEN,GDP per capita (current US$),NY.GDP.PCAP.CD,..,..,..,..,..
"Venezuela, RB",VEN,GDP per capita growth (annual %),NY.GDP.PCAP.KD.ZG,..,..,..,..,..
Viet Nam,VNM,GDP (current US$),NY.GDP.MKTP.CD,239258328381.741,257096001177.982,281353605986.903,310106478394.659,334365270496.667
Viet Nam,VNM,GDP per capita (current US$),NY.GDP.PCAP.CD,2595.23484372958,2760.71710111715,2992.07153198845,3267.22506911927,3491.09140990663
Viet Nam,VNM,GDP per capita growth (annual %),NY.GDP.PCAP.KD.ZG,5.87784930468686,5.61868010324022,5.90924097336334,6.46719149769011,6.39258594504489
Virgin Islands (U.S.),VIR,GDP (current US$),NY.GDP.MKTP.CD,3663000000,3798000000,3794000000,3923000000,4121000000
Virgin Islands (U.S.),VIR,GDP per capita (current US$),NY.GDP.PCAP.CD,34007.3529411765,35324.9748874586,35365.0693039774,36663.2087550584,38633.5298915336
Virgin Islands (U.S.),VIR,GDP per capita growth (annual %),NY.GDP.PCAP.KD.ZG,-0.26792231561096,1.78607056891147,-0.517853882355141,2.17142607924004,3.25391465589726
West Bank and Gaza,PSE,GDP (current US$),NY.GDP.MKTP.CD,13972400000,15405400000,16128000000,16276600000,17133500000
West Bank and Gaza,PSE,GDP per capita (current US$),NY.GDP.PCAP.CD,3272.15432360708,3527.61382413178,3620.36048715937,3562.33094270256,3656.85827137011
West Bank and Gaza,PSE,GDP per capita growth (annual %),NY.GDP.PCAP.KD.ZG,1.37258508832343,6.44666146094556,-0.577622802403482,-1.30481419195327,-1.15161366535136
"Yemen, Rep.",YEM,GDP (current US$),NY.GDP.MKTP.CD,42444489460.8016,31317824906.4394,26842228804.5628,21606160777.1719,..
"Yemen, Rep.",YEM,GDP per capita (current US$),NY.GDP.PCAP.CD,1488.41626714602,1069.81699688479,893.716492936242,701.714868380787,693.816503470151
"Yemen, Rep.",YEM,GDP per capita growth (annual %),NY.GDP.PCAP.KD.ZG,-29.921761289045,-11.7200183408464,-7.47511313643885,-1.7217347535469,..
Zambia,ZMB,GDP (current US$),NY.GDP.MKTP.CD,21251216798.7762,20958412538.3093,25873601260.8353,26311507273.6735,23308667781.2258
Zambia,ZMB,GDP per capita (current US$),NY.GDP.PCAP.CD,1307.90964916032,1249.92314348406,1495.75213841021,1475.19988338535,1268.12094056241
Zambia,ZMB,GDP per capita growth (annual %),NY.GDP.PCAP.KD.ZG,-0.312861216401132,0.561270607611533,0.33128409209921,0.897347460387692,-1.56423687695015
Zimbabwe,ZWE,GDP (current US$),NY.GDP.MKTP.CD,19963120600,20548678100,17584890936.6523,34156069918.0609,21832234921.1762
Zimbabwe,ZWE,GDP per capita (current US$),NY.GDP.PCAP.CD,1410.32917348908,1421.78779140568,1192.10701198862,2269.17701232332,1421.86859613585
Zimbabwe,ZWE,GDP per capita growth (annual %),NY.GDP.PCAP.KD.ZG,-0.132759721781923,-1.1778926023423,1.97484556825425,2.90939513608366,-8.17732036976587
,,,,,,,,
,,,,,,,,
,,,,,,,,
Data from database: World Development Indicators,,,,,,,,
Last Updated: 12/18/2023,,,,,,,,
Code,License Type,Indicator Name,Long definition,Source,Topic,Periodicity,Aggregation method,Statistical concept and methodology,Limitations and exceptions,License URL
NY.GDP.MKTP.CD,CC BY-4.0,GDP (current US$),"GDP at purchaser's prices is the sum of gross value added by all resident producers in the economy plus any product taxes and minus any subsidies not included in the value of the products. It is calculated without making deductions for depreciation of fabricated assets or for depletion and degradation of natural resources. Data are in current U.S. dollars. Dollar figures for GDP are converted from domestic currencies using single year official exchange rates. For a few countries where the official exchange rate does not reflect the rate effectively applied to actual foreign exchange transactions, an alternative conversion factor is used.","World Bank national accounts data, and OECD National Accounts data files.",Economic Policy & Debt: National accounts: US$ at current prices: Aggregate indicators,Annual,Gap-filled total,"Gross domestic product (GDP) represents the sum of value added by all its producers. Value added is the value of the gross output of producers less the value of intermediate goods and services consumed in production, before accounting for consumption of fixed capital in production. The United Nations System of National Accounts calls for value added to be valued at either basic prices (excluding net taxes on products) or producer prices (including net taxes on products paid by producers but excluding sales or value added taxes). Both valuations exclude transport charges that are invoiced separately by producers. Total GDP is measured at purchaser prices. Value added by industry is normally measured at basic prices.","Gross domestic product (GDP), though widely tracked, may not always be the most relevant summary of aggregated economic performance for all economies, especially when production occurs at the expense of consuming capital stock.

While GDP estimates based on the production approach are generally more reliable than estimates compiled from the income or expenditure side, different countries use different definitions, methods, and reporting standards. World Bank staff review the quality of national accounts data and sometimes make adjustments to improve consistency with international guidelines. Nevertheless, significant discrepancies remain between international standards and actual practice. Many statistical offices, especially those in developing countries, face severe limitations in the resources, time, training, and budgets required to produce reliable and comprehensive series of national accounts statistics.

Among the difficulties faced by compilers of national accounts is the extent of unreported economic activity in the informal or secondary economy. In developing countries a large share of agricultural output is either not exchanged (because it is consumed within the household) or not exchanged for money.",https://datacatalog.worldbank.org/public-licenses#cc-by
NY.GDP.PCAP.CD,CC BY-4.0,GDP per capita (current US$),GDP per capita is gross domestic product divided by midyear population. GDP is the sum of gross value added by all resident producers in the economy plus any product taxes and minus any subsidies not included in the value of the products. It is calculated without making deductions for depreciation of fabricated assets or for depletion and degradation of natural resources. Data are in current U.S. dollars.,"World Bank national accounts data, and OECD National Accounts data files.",Economic Policy & Debt: National accounts: US$ at current prices: Aggregate indicators,Annual,Weighted average,"For more information, see the metadata for current U.S. dollar GDP (NY.GDP.MKTP.CD) and total population (SP.POP.TOTL).",,https://datacatalog.worldbank.org/public-licenses#cc-by
NY.GDP.PCAP.KD.ZG,CC BY-4.0,GDP per capita growth (annual %),Annual percentage growth rate of GDP per capita based on constant local currency. GDP per capita is gross domestic product divided by midyear population. GDP at purchaser's prices is the sum of gross value added by all resident producers in the economy plus any product taxes and minus any subsidies not included in the value of the products. It is calculated without making deductions for depreciation of fabricated assets or for depletion and degradation of natural resources.,"World Bank national accounts data, and OECD National Accounts data files.",Economic Policy & Debt: National accounts: Growth rates,Annual,Weighted average,"For more information, see the metadata for constant U.S. dollar GDP (NY.GDP.MKTP.KD) and total population (SP.POP.TOTL).",,https://datacatalog.worldbank.org/public-licenses#cc-by
